,URLs,Team,Names,Position,Ages,Heights,Weights
0,https://www.unitedrugby.com/clubs/Benetton/Filippo-Alongi,Benetton,Filippo-Alongi,prop,22,6'0'', 118KG
1,https://www.unitedrugby.com/clubs/Benetton/Manuel-Arroyo,Benetton,Manuel-Arroyo,hooker,0,0'0'', KG
2,https://www.unitedrugby.com/clubs/Benetton/Lorenzo-Cannone,Benetton,Lorenzo-Cannone,lock,21,6'0'', 102KG
3,https://www.unitedrugby.com/clubs/Benetton/Niccolo-Cannone,Benetton,Niccolo-Cannone,lock,24,6'1'', 120KG
4,https://www.unitedrugby.com/clubs/Benetton/Matteo-Drudi,Benetton,Matteo-Drudi,prop,22,5'11'', 108KG
5,https://www.unitedrugby.com/clubs/Benetton/Corniel-Els,Benetton,Corniel-Els,hooker,28,6'0'', 103KG
6,https://www.unitedrugby.com/clubs/Benetton/Riccardo-Favretto,Benetton,Riccardo-Favretto,lock,21,6'1'', 105KG
7,https://www.unitedrugby.com/clubs/Benetton/Simone-Ferrari,Benetton,Simone-Ferrari,prop,28,6'0'', 119KG
8,https://www.unitedrugby.com/clubs/Benetton/Thomas-Gallo,Benetton,Thomas-Gallo,prop,23,5'1'', 107KG
9,https://www.unitedrugby.com/clubs/Benetton/Toa-Halafihi,Benetton,Toa-Halafihi,flanker,28,6'0'', 108KG
10,https://www.unitedrugby.com/clubs/Benetton/Alessandro-Izekor,Benetton,Alessandro-Izekor,flanker,22,6'5'', 100KG
11,https://www.unitedrugby.com/clubs/Benetton/Michele-Lamaro,Benetton,Michele-Lamaro,flanker,24,6'0'', 102KG
12,https://www.unitedrugby.com/clubs/Benetton/Marco-Lazzaroni,Benetton,Marco-Lazzaroni,flanker,27,6'0'', 110KG
13,https://www.unitedrugby.com/clubs/Benetton/Gianmarco-Lucchesi,Benetton,Gianmarco-Lucchesi,hooker,22,6'0'', 110KG
14,https://www.unitedrugby.com/clubs/Benetton/Ivan-Nemer,Benetton,Ivan-Nemer,prop,24,5'11'', 116KG
15,https://www.unitedrugby.com/clubs/Benetton/Giacomo-Nicotera,Benetton,Giacomo-Nicotera,hooker,26,6'0'', 102KG
16,https://www.unitedrugby.com/clubs/Benetton/Tiziano-Pasquali,Benetton,Tiziano-Pasquali,prop,28,6'0'', 111KG
17,https://www.unitedrugby.com/clubs/Benetton/Giovanni-Pettinelli,Benetton,Giovanni-Pettinelli,flanker,26,6'0'', 103KG
18,https://www.unitedrugby.com/clubs/Benetton/Nicola-Piantella,Benetton,Nicola-Piantella,lock,21,6'1'', 100KG
19,https://www.unitedrugby.com/clubs/Benetton/Federico-Ruzza,Benetton,Federico-Ruzza,lock,28,6'1'', 108KG
20,https://www.unitedrugby.com/clubs/Benetton/Scott-Scrafton,Benetton,Scott-Scrafton,lock,29,6'1'', 120KG
21,https://www.unitedrugby.com/clubs/Benetton/Braam-Steyn,Benetton,Braam-Steyn,flanker,30,6'0'', 110KG
22,https://www.unitedrugby.com/clubs/Benetton/Henry-Time-Stowers,Benetton,Henry-Time-Stowers,flanker,27,6'0'', 115KG
23,https://www.unitedrugby.com/clubs/Benetton/Cherif-Traore,Benetton,Cherif-Traore,prop,28,5'11'', 120KG
24,https://www.unitedrugby.com/clubs/Benetton/Carl-Wegner,Benetton,Carl-Wegner,lock,31,6'1'', 117KG
25,https://www.unitedrugby.com/clubs/Benetton/Federico-Zani,Benetton,Federico-Zani,prop,33,5'10'', 111KG
26,https://www.unitedrugby.com/clubs/Benetton/Manuel-Zuliani,Benetton,Manuel-Zuliani,lock,22,6'0'', 108KG
27,https://www.unitedrugby.com/clubs/Benetton/Manfredi-Albanese,Benetton,Manfredi-Albanese,scrum-half,21,5'9'', 78KG
28,https://www.unitedrugby.com/clubs/Benetton/Tomas-Albornoz,Benetton,Tomas-Albornoz,fly-half,25,5'10'', 82KG
29,https://www.unitedrugby.com/clubs/Benetton/Giuliano-Avaca,Benetton,Giuliano-Avaca,scrum-half,0,, KG
30,https://www.unitedrugby.com/clubs/Benetton/Mattia-Bellini,Benetton,Mattia-Bellini,wing,28,6'0'', 93KG
31,https://www.unitedrugby.com/clubs/Benetton/Nacho-Brex,Benetton,Nacho-Brex,centre,30,6'0'', 98KG
32,https://www.unitedrugby.com/clubs/Benetton/Joey-Caputo,Benetton,Joey-Caputo,fly-half,22,6'0'', 92KG
33,https://www.unitedrugby.com/clubs/Benetton/Filippo-Drago,Benetton,Filippo-Drago,centre,20,6'0'', 96KG
34,https://www.unitedrugby.com/clubs/Benetton/Dewaldt-Duvenage,Benetton,Dewaldt-Duvenage,scrum-half,34,5'1'', 80KG
35,https://www.unitedrugby.com/clubs/Benetton/Alessandro-Garbisi,Benetton,Alessandro-Garbisi,scrum-half,20,5'1'', 83KG
36,https://www.unitedrugby.com/clubs/Benetton/Sam-Hidalgo-Clyne,Benetton,Sam-Hidalgo-Clyne,scrum-half,29,5'1'', 78KG
37,https://www.unitedrugby.com/clubs/Benetton/Leonardo-Marin,Benetton,Leonardo-Marin,fly-half,20,6'0'', 88KG
38,https://www.unitedrugby.com/clubs/Benetton/Ignacio-Mendy,Benetton,Ignacio-Mendy,fullback,22,6'0'', 81KG
39,https://www.unitedrugby.com/clubs/Benetton/Tommaso-Menoncello,Benetton,Tommaso-Menoncello,wing,20,6'0'', 90KG
40,https://www.unitedrugby.com/clubs/Benetton/Edoardo-Padovani,Benetton,Edoardo-Padovani,fullback,29,6'0'', 95KG
41,https://www.unitedrugby.com/clubs/Benetton/Dewi-Passarella,Benetton,Dewi-Passarella,centre,19,6'4'', 102KG
42,https://www.unitedrugby.com/clubs/Benetton/Onisi-Ratave,Benetton,Onisi-Ratave,wing,30,5'10'', 100KG
43,https://www.unitedrugby.com/clubs/Benetton/Joaquin-Riera,Benetton,Joaquin-Riera,centre,28,6'0'', 90KG
44,https://www.unitedrugby.com/clubs/Benetton/Rhyno-Smith,Benetton,Rhyno-Smith,fullback,29,5'1'', 83KG
45,https://www.unitedrugby.com/clubs/Benetton/Marcus-Watson,Benetton,Marcus-Watson,wing,31,5'10'', 88KG
46,https://www.unitedrugby.com/clubs/Benetton/Marco-Zanon,Benetton,Marco-Zanon,centre,25,6'0'', 94KG
47,https://www.unitedrugby.com/clubs/Cardiff-Rugby/Dimitri-Arhip,Cardiff-Rugby,Dimitri-Arhip,prop,33,5'11'', 117KG
48,https://www.unitedrugby.com/clubs/Cardiff-Rugby/Keiron-Assiratti,Cardiff-Rugby,Keiron-Assiratti,prop,25,5'10'', 119KG
49,https://www.unitedrugby.com/clubs/Cardiff-Rugby/Rhys-Barratt,Cardiff-Rugby,Rhys-Barratt,prop,20,6'10'', 111KG
50,https://www.unitedrugby.com/clubs/Cardiff-Rugby/Liam-Belcher,Cardiff-Rugby,Liam-Belcher,hooker,26,5'1'', 106KG
51,https://www.unitedrugby.com/clubs/Cardiff-Rugby/James-Botham,Cardiff-Rugby,James-Botham,flanker,24,6'0'', 104KG
52,https://www.unitedrugby.com/clubs/Cardiff-Rugby/Gwilym-Bradley,Cardiff-Rugby,Gwilym-Bradley,flanker,22,6'0'', 104KG
53,https://www.unitedrugby.com/clubs/Cardiff-Rugby/Rhys-Carre,Cardiff-Rugby,Rhys-Carre,prop,24,6'0'', 129KG
54,https://www.unitedrugby.com/clubs/Cardiff-Rugby/Kristian-Dacey,Cardiff-Rugby,Kristian-Dacey,hooker,33,6'0'', 106KG
55,https://www.unitedrugby.com/clubs/Cardiff-Rugby/Efan-Daniel,Cardiff-Rugby,Efan-Daniel,hooker,19,6'0'', 97KG
56,https://www.unitedrugby.com/clubs/Cardiff-Rugby/Seb-Davies,Cardiff-Rugby,Seb-Davies,lock,26,6'1'', 119KG
57,https://www.unitedrugby.com/clubs/Cardiff-Rugby/Will-Davies-King,Cardiff-Rugby,Will-Davies-King,prop,24,6'0'', 126KG
58,https://www.unitedrugby.com/clubs/Cardiff-Rugby/Corey-Domachowski,Cardiff-Rugby,Corey-Domachowski,prop,26,6'0'', 121KG
59,https://www.unitedrugby.com/clubs/Cardiff-Rugby/Taulupe-Faletau,Cardiff-Rugby,Taulupe-Faletau,flanker,31,6'0'', 111KG
60,https://www.unitedrugby.com/clubs/Cardiff-Rugby/Ellis-Jenkins,Cardiff-Rugby,Ellis-Jenkins,flanker,29,6'0'', 105KG
61,https://www.unitedrugby.com/clubs/Cardiff-Rugby/Dillon-Lewis,Cardiff-Rugby,Dillon-Lewis,prop,26,6'0'', 125KG
62,https://www.unitedrugby.com/clubs/Cardiff-Rugby/Shane-Lewis-Hughes,Cardiff-Rugby,Shane-Lewis-Hughes,flanker,25,6'0'', 115KG
63,https://www.unitedrugby.com/clubs/Cardiff-Rugby/Kirby-Myhill,Cardiff-Rugby,Kirby-Myhill,hooker,30,6'0'', 106KG
64,https://www.unitedrugby.com/clubs/Cardiff-Rugby/Josh-Navidi,Cardiff-Rugby,Josh-Navidi,flanker,31,6'0'', 105KG
65,https://www.unitedrugby.com/clubs/Cardiff-Rugby/Joe-Peard,Cardiff-Rugby,Joe-Peard,lock,20,6'1'', 125KG
66,https://www.unitedrugby.com/clubs/Cardiff-Rugby/James-Ratti,Cardiff-Rugby,James-Ratti,lock,25,6'0'', 120KG
67,https://www.unitedrugby.com/clubs/Cardiff-Rugby/Olly-Robinson,Cardiff-Rugby,Olly-Robinson,flanker,31,6'0'', 104KG
68,https://www.unitedrugby.com/clubs/Cardiff-Rugby/Matthew-Screech,Cardiff-Rugby,Matthew-Screech,lock,30,6'0'', 116KG
69,https://www.unitedrugby.com/clubs/Cardiff-Rugby/Rory-Thornton,Cardiff-Rugby,Rory-Thornton,lock,27,6'1'', 119KG
70,https://www.unitedrugby.com/clubs/Cardiff-Rugby/Brad-Thyer,Cardiff-Rugby,Brad-Thyer,prop,29,5'11'', 114KG
71,https://www.unitedrugby.com/clubs/Cardiff-Rugby/Lopeti-Timani,Cardiff-Rugby,Lopeti-Timani,lock,32,6'0'', 117KG
72,https://www.unitedrugby.com/clubs/Cardiff-Rugby/Josh-Turnbull,Cardiff-Rugby,Josh-Turnbull,lock,34,6'0'', 115KG
73,https://www.unitedrugby.com/clubs/Cardiff-Rugby/Teddy-Williams,Cardiff-Rugby,Teddy-Williams,lock,22,6'1'', 118KG
74,https://www.unitedrugby.com/clubs/Cardiff-Rugby/Thomas-Young,Cardiff-Rugby,Thomas-Young,flanker,30,5'11'', 104KG
75,https://www.unitedrugby.com/clubs/Cardiff-Rugby/Josh-Adams,Cardiff-Rugby,Josh-Adams,wing,27,6'0'', 95KG
76,https://www.unitedrugby.com/clubs/Cardiff-Rugby/Jacob-Beetham,Cardiff-Rugby,Jacob-Beetham,fullback,21,5'11'', 94KG
77,https://www.unitedrugby.com/clubs/Cardiff-Rugby/Ellis-Bevan,Cardiff-Rugby,Ellis-Bevan,scrum-half,22,5'11'', 90KG
78,https://www.unitedrugby.com/clubs/Cardiff-Rugby/Theo-Cabango,Cardiff-Rugby,Theo-Cabango,wing,20,6'0'', 85KG
79,https://www.unitedrugby.com/clubs/Cardiff-Rugby/Jarrod-Evans,Cardiff-Rugby,Jarrod-Evans,fly-half,26,5'11'', 87KG
80,https://www.unitedrugby.com/clubs/Cardiff-Rugby/Mason-Grady,Cardiff-Rugby,Mason-Grady,centre,20,6'0'', 110KG
81,https://www.unitedrugby.com/clubs/Cardiff-Rugby/Uilisi-Halaholo,Cardiff-Rugby,Uilisi-Halaholo,centre,32,5'11'', 101KG
82,https://www.unitedrugby.com/clubs/Cardiff-Rugby/Jason-Harries,Cardiff-Rugby,Jason-Harries,wing,33,6'0'', 107KG
83,https://www.unitedrugby.com/clubs/Cardiff-Rugby/Jamie-Hill,Cardiff-Rugby,Jamie-Hill,scrum-half,23,5'10'', 80KG
84,https://www.unitedrugby.com/clubs/Cardiff-Rugby/Owen-Lane,Cardiff-Rugby,Owen-Lane,wing,24,6'0'', 97KG
85,https://www.unitedrugby.com/clubs/Cardiff-Rugby/Rey-Lee-Lo,Cardiff-Rugby,Rey-Lee-Lo,centre,36,6'0'', 99KG
86,https://www.unitedrugby.com/clubs/Cardiff-Rugby/Max-Llewellyn,Cardiff-Rugby,Max-Llewellyn,centre,23,6'0'', 105KG
87,https://www.unitedrugby.com/clubs/Cardiff-Rugby/Harri-Millard,Cardiff-Rugby,Harri-Millard,centre,26,6'0'', 92KG
88,https://www.unitedrugby.com/clubs/Cardiff-Rugby/Matthew-Morgan,Cardiff-Rugby,Matthew-Morgan,fullback,30,5'1'', 78KG
89,https://www.unitedrugby.com/clubs/Cardiff-Rugby/Rhys-Priestland,Cardiff-Rugby,Rhys-Priestland,fly-half,35,6'0'', 91KG
90,https://www.unitedrugby.com/clubs/Cardiff-Rugby/Aled-Summerhill,Cardiff-Rugby,Aled-Summerhill,wing,27,6'0'', 93KG
91,https://www.unitedrugby.com/clubs/Cardiff-Rugby/Ben-Thomas,Cardiff-Rugby,Ben-Thomas,centre,23,6'0'', 93KG
92,https://www.unitedrugby.com/clubs/Cardiff-Rugby/Liam-Williams,Cardiff-Rugby,Liam-Williams,fullback,31,6'0'', 85KG
93,https://www.unitedrugby.com/clubs/Cardiff-Rugby/Tomos-Williams,Cardiff-Rugby,Tomos-Williams,scrum-half,27,5'11'', 86KG
94,https://www.unitedrugby.com/clubs/Cardiff-Rugby/Lloyd-Williams,Cardiff-Rugby,Lloyd-Williams,scrum-half,32,6'0'', 88KG
95,https://www.unitedrugby.com/clubs/Connacht/Jack-Aungier,Connacht,Jack-Aungier,prop,23,6'0'', 120KG
96,https://www.unitedrugby.com/clubs/Connacht/Finlay-Bealham,Connacht,Finlay-Bealham,prop,31,6'0'', 118KG
97,https://www.unitedrugby.com/clubs/Connacht/Ciaran-Booth,Connacht,Ciaran-Booth,flanker,22,6'0'', 107KG
98,https://www.unitedrugby.com/clubs/Connacht/Paul-Boyle,Connacht,Paul-Boyle,flanker,25,6'0'', 111KG
99,https://www.unitedrugby.com/clubs/Connacht/Denis-Buckley,Connacht,Denis-Buckley,prop,32,5'1'', 108KG
100,https://www.unitedrugby.com/clubs/Connacht/Matthew-Burke,Connacht,Matthew-Burke,prop,25,5'11'', 111KG
101,https://www.unitedrugby.com/clubs/Connacht/Jarrad-Butler,Connacht,Jarrad-Butler,flanker,31,6'0'', 103KG
102,https://www.unitedrugby.com/clubs/Connacht/Shane-Delahunt,Connacht,Shane-Delahunt,hooker,28,6'0'', 111KG
103,https://www.unitedrugby.com/clubs/Connacht/Peter-Dooley,Connacht,Peter-Dooley,prop,28,6'0'', 117KG
104,https://www.unitedrugby.com/clubs/Connacht/Oisin-Dowling,Connacht,Oisin-Dowling,lock,25,6'1'', 111KG
105,https://www.unitedrugby.com/clubs/Connacht/Jordan-Duggan,Connacht,Jordan-Duggan,prop,24,6'0'', 116KG
106,https://www.unitedrugby.com/clubs/Connacht/Leva-Fifita,Connacht,Leva-Fifita,lock,33,6'0'', 116KG
107,https://www.unitedrugby.com/clubs/Connacht/Dave-Heffernan,Connacht,Dave-Heffernan,hooker,31,6'0'', 110KG
108,https://www.unitedrugby.com/clubs/Connacht/Shamus-Hurley-Langton,Connacht,Shamus-Hurley-Langton,flanker,22,6'0'', 106KG
109,https://www.unitedrugby.com/clubs/Connacht/Sam-Illo,Connacht,Sam-Illo,prop,21,6'0'', 121KG
110,https://www.unitedrugby.com/clubs/Connacht/Sean-Masterson,Connacht,Sean-Masterson,flanker,24,6'0'', 111KG
111,https://www.unitedrugby.com/clubs/Connacht/Oisin-McCormack,Connacht,Oisin-McCormack,flanker,21,6'0'', 102KG
112,https://www.unitedrugby.com/clubs/Connacht/Josh-Murphy,Connacht,Josh-Murphy,lock,27,6'0'', 112KG
113,https://www.unitedrugby.com/clubs/Connacht/Niall-Murray,Connacht,Niall-Murray,lock,23,6'1'', 115KG
114,https://www.unitedrugby.com/clubs/Connacht/Conor-Oliver,Connacht,Conor-Oliver,flanker,27,6'0'', 102KG
115,https://www.unitedrugby.com/clubs/Connacht/Cian-Prendergast,Connacht,Cian-Prendergast,flanker,22,6'0'', 112KG
116,https://www.unitedrugby.com/clubs/Connacht/Dominic-Robertson-McCoy,Connacht,Dominic-Robertson-McCoy,prop,28,6'0'', 119KG
117,https://www.unitedrugby.com/clubs/Connacht/Grant-Stewart,Connacht,Grant-Stewart,hooker,27,5'11'', 115KG
118,https://www.unitedrugby.com/clubs/Connacht/Gavin-Thornbury,Connacht,Gavin-Thornbury,lock,29,6'1'', 116KG
119,https://www.unitedrugby.com/clubs/Connacht/Dylan-Tierney-Martin,Connacht,Dylan-Tierney-Martin,hooker,23,6'0'', 101KG
120,https://www.unitedrugby.com/clubs/Connacht/Bundee-Aki,Connacht,Bundee-Aki,centre,32,5'10'', 102KG
121,https://www.unitedrugby.com/clubs/Connacht/Caolin-Blade,Connacht,Caolin-Blade,scrum-half,28,5'1'', 80KG
122,https://www.unitedrugby.com/clubs/Connacht/Shayne-Bolton,Connacht,Shayne-Bolton,centre,22,6'0'', 100KG
123,https://www.unitedrugby.com/clubs/Connacht/Adam-Byrne,Connacht,Adam-Byrne,wing,28,6'0'', 98KG
124,https://www.unitedrugby.com/clubs/Connacht/Jack-Carty,Connacht,Jack-Carty,fly-half,30,6'0'', 88KG
125,https://www.unitedrugby.com/clubs/Connacht/Tom-Daly,Connacht,Tom-Daly,centre,29,6'0'', 109KG
126,https://www.unitedrugby.com/clubs/Connacht/Tom-Farrell,Connacht,Tom-Farrell,centre,29,6'0'', 103KG
127,https://www.unitedrugby.com/clubs/Connacht/Conor-Fitzgerald,Connacht,Conor-Fitzgerald,fly-half,25,6'0'', 90KG
128,https://www.unitedrugby.com/clubs/Connacht/Cathal-Forde,Connacht,Cathal-Forde,fly-half,20,6'0'', 99KG
129,https://www.unitedrugby.com/clubs/Connacht/Mack-Hansen,Connacht,Mack-Hansen,wing,24,6'0'', 90KG
130,https://www.unitedrugby.com/clubs/Connacht/David-Hawkshaw,Connacht,David-Hawkshaw,fly-half,23,5'10'', 89KG
131,https://www.unitedrugby.com/clubs/Connacht/Shane-Jennings,Connacht,Shane-Jennings,centre,21,6'0'', 102KG
132,https://www.unitedrugby.com/clubs/Connacht/Diarmuid-Kilgallen,Connacht,Diarmuid-Kilgallen,fullback,22,6'0'', 95KG
133,https://www.unitedrugby.com/clubs/Connacht/Kieran-Marmion,Connacht,Kieran-Marmion,scrum-half,30,5'1'', 82KG
134,https://www.unitedrugby.com/clubs/Connacht/Oran-McNulty,Connacht,Oran-McNulty,fullback,22,5'10'', 90KG
135,https://www.unitedrugby.com/clubs/Connacht/John-Porch,Connacht,John-Porch,fullback,28,6'0'', 86KG
136,https://www.unitedrugby.com/clubs/Connacht/Byron-Ralston,Connacht,Byron-Ralston,centre,22,6'0'', 94KG
137,https://www.unitedrugby.com/clubs/Connacht/Colm-Reilly,Connacht,Colm-Reilly,scrum-half,23,5'1'', 78KG
138,https://www.unitedrugby.com/clubs/Connacht/Alex-Wootton,Connacht,Alex-Wootton,wing,28,6'0'', 96KG
139,https://www.unitedrugby.com/clubs/Dragons/Taine-Basham,Dragons,Taine-Basham,flanker,22,6'0'', 95KG
140,https://www.unitedrugby.com/clubs/Dragons/James-Benjamin,Dragons,James-Benjamin,flanker,28,5'11'', 98KG
141,https://www.unitedrugby.com/clubs/Dragons/Leon-Brown,Dragons,Leon-Brown,prop,26,6'0'', 129KG
142,https://www.unitedrugby.com/clubs/Dragons/Ben-Carter,Dragons,Ben-Carter,lock,21,6'0'', 117KG
143,https://www.unitedrugby.com/clubs/Dragons/Chris-Coleman,Dragons,Chris-Coleman,prop,24,6'0'', 125KG
144,https://www.unitedrugby.com/clubs/Dragons/Joe-Davies,Dragons,Joe-Davies,lock,26,6'0'', 121KG
145,https://www.unitedrugby.com/clubs/Dragons/Elliot-Dee,Dragons,Elliot-Dee,hooker,28,6'0'', 106KG
146,https://www.unitedrugby.com/clubs/Dragons/Rob-Evans,Dragons,Rob-Evans,prop,30,6'0'', 118KG
147,https://www.unitedrugby.com/clubs/Dragons/Lloyd-Fairbrother,Dragons,Lloyd-Fairbrother,prop,30,5'1'', 123KG
148,https://www.unitedrugby.com/clubs/Dragons/Ben-Fry,Dragons,Ben-Fry,flanker,24,6'0'', 105KG
149,https://www.unitedrugby.com/clubs/Dragons/Lennon-Greggains,Dragons,Lennon-Greggains,flanker,23,6'0'', 96KG
150,https://www.unitedrugby.com/clubs/Dragons/Ollie-Griffiths,Dragons,Ollie-Griffiths,flanker,27,6'0'', 104KG
151,https://www.unitedrugby.com/clubs/Dragons/Rhodri-Jones,Dragons,Rhodri-Jones,prop,30,6'0'', 119KG
152,https://www.unitedrugby.com/clubs/Dragons/Harri-Keddie,Dragons,Harri-Keddie,flanker,26,6'0'', 110KG
153,https://www.unitedrugby.com/clubs/Dragons/Sean-Lonsdale,Dragons,Sean-Lonsdale,no. 8,25,6'0'', 112KG
154,https://www.unitedrugby.com/clubs/Dragons/Ross-Moriarty,Dragons,Ross-Moriarty,flanker,28,6'0'', 103KG
155,https://www.unitedrugby.com/clubs/Dragons/George-Nott,Dragons,George-Nott,no. 8,26,6'0'', 114KG
156,https://www.unitedrugby.com/clubs/Dragons/Josh-Reynolds,Dragons,Josh-Reynolds,prop,23,5'10'', 110KG
157,https://www.unitedrugby.com/clubs/Dragons/Bradley-Roberts,Dragons,Bradley-Roberts,hooker,26,5'1'', 105KG
158,https://www.unitedrugby.com/clubs/Dragons/Will-Rowlands,Dragons,Will-Rowlands,lock,31,6'1'', 123KG
159,https://www.unitedrugby.com/clubs/Dragons/Aki-Seiuli,Dragons,Aki-Seiuli,prop,29,6'0'', 118KG
160,https://www.unitedrugby.com/clubs/Dragons/Ellis-Shipp,Dragons,Ellis-Shipp,hooker,25,5'10'', 108KG
161,https://www.unitedrugby.com/clubs/Dragons/Huw-Taylor,Dragons,Huw-Taylor,no. 8,26,6'0'', 113KG
162,https://www.unitedrugby.com/clubs/Dragons/Aaron-Wainwright,Dragons,Aaron-Wainwright,flanker,25,6'0'', 106KG
163,https://www.unitedrugby.com/clubs/Dragons/Cory-Allen,Dragons,Cory-Allen,centre,29,6'0'', 100KG
164,https://www.unitedrugby.com/clubs/Dragons/Gonzalo-Bertranou,Dragons,Gonzalo-Bertranou,scrum-half,28,5'1'', 72KG
165,https://www.unitedrugby.com/clubs/Dragons/Max-Clark,Dragons,Max-Clark,centre,27,6'0'', 100KG
166,https://www.unitedrugby.com/clubs/Dragons/Ioan-Davies,Dragons,Ioan-Davies,fullback,22,5'11'', 85KG
167,https://www.unitedrugby.com/clubs/Dragons/Sam-Davies,Dragons,Sam-Davies,fly-half,29,5'10'', 87KG
168,https://www.unitedrugby.com/clubs/Dragons/Jack-Dixon,Dragons,Jack-Dixon,centre,27,6'0'', 105KG
169,https://www.unitedrugby.com/clubs/Dragons/Rio-Dyer,Dragons,Rio-Dyer,wing,22,6'0'', 84KG
170,https://www.unitedrugby.com/clubs/Dragons/JJ-Hanrahan,Dragons,JJ-Hanrahan,fly-half,30,5'11'', 92KG
171,https://www.unitedrugby.com/clubs/Dragons/Ashton-Hewitt,Dragons,Ashton-Hewitt,wing,27,5'10'', 90KG
172,https://www.unitedrugby.com/clubs/Dragons/Steff-Hughes,Dragons,Steff-Hughes,centre,28,5'11'', 95KG
173,https://www.unitedrugby.com/clubs/Dragons/Lewis-Jones,Dragons,Lewis-Jones,scrum-half,29,5'1'', 81KG
174,https://www.unitedrugby.com/clubs/Dragons/Aneurin-Owen,Dragons,Aneurin-Owen,centre,22,5'10'', 89KG
175,https://www.unitedrugby.com/clubs/Dragons/Will-Reed,Dragons,Will-Reed,fly-half,20,5'10'', 85KG
176,https://www.unitedrugby.com/clubs/Dragons/David-Richards,Dragons,David-Richards,fullback,23,6'0'', 110KG
177,https://www.unitedrugby.com/clubs/Dragons/Jared-Rosser,Dragons,Jared-Rosser,wing,24,6'0'', 97KG
178,https://www.unitedrugby.com/clubs/Dragons/Sio-Tomkinson,Dragons,Sio-Tomkinson,centre,26,5'11'', 94KG
179,https://www.unitedrugby.com/clubs/Dragons/Jordan-Williams,Dragons,Jordan-Williams,wing,29,5'1'', 81KG
180,https://www.unitedrugby.com/clubs/Dragons/Rhodri-Williams,Dragons,Rhodri-Williams,scrum-half,29,5'1'', 81KG
181,https://www.unitedrugby.com/clubs/Edinburgh/Lee-Roy-Atalifo,Edinburgh,Lee-Roy-Atalifo,prop,34,5'11'', 122KG
182,https://www.unitedrugby.com/clubs/Edinburgh/Nick-Auterac,Edinburgh,Nick-Auterac,prop,29,6'0'', 118KG
183,https://www.unitedrugby.com/clubs/Edinburgh/Connor-Boyle,Edinburgh,Connor-Boyle,flanker,22,6'0'', 91KG
184,https://www.unitedrugby.com/clubs/Edinburgh/Dave-Cherry,Edinburgh,Dave-Cherry,hooker,31,6'0'', 106KG
185,https://www.unitedrugby.com/clubs/Edinburgh/Harrison-Courtney,Edinburgh,Harrison-Courtney,prop,25,5'10'', 117KG
186,https://www.unitedrugby.com/clubs/Edinburgh/Luke-Crosbie,Edinburgh,Luke-Crosbie,flanker,25,6'1'', 112KG
187,https://www.unitedrugby.com/clubs/Edinburgh/Grant-Gilchrist,Edinburgh,Grant-Gilchrist,lock,32,6'1'', 118KG
188,https://www.unitedrugby.com/clubs/Edinburgh/Nick-Haining,Edinburgh,Nick-Haining,flanker,32,6'0'', 114KG
189,https://www.unitedrugby.com/clubs/Edinburgh/Jamie-Hodgson,Edinburgh,Jamie-Hodgson,lock,24,6'1'', 114KG
190,https://www.unitedrugby.com/clubs/Edinburgh/Viliame-Mata,Edinburgh,Viliame-Mata,flanker,31,6'0'', 119KG
191,https://www.unitedrugby.com/clubs/Edinburgh/Adam-McBurney,Edinburgh,Adam-McBurney,hooker,26,6'0'', 103KG
192,https://www.unitedrugby.com/clubs/Edinburgh/Stuart-McInally,Edinburgh,Stuart-McInally,hooker,32,6'0'', 110KG
193,https://www.unitedrugby.com/clubs/Edinburgh/Ben-Muncaster,Edinburgh,Ben-Muncaster,flanker,21,6'0'', 110KG
194,https://www.unitedrugby.com/clubs/Edinburgh/Willem-Nel,Edinburgh,Willem-Nel,prop,36,5'11'', 113KG
195,https://www.unitedrugby.com/clubs/Edinburgh/Pierce-Phillips,Edinburgh,Pierce-Phillips,lock,30,6'1'', 119KG
196,https://www.unitedrugby.com/clubs/Edinburgh/Jamie-Ritchie,Edinburgh,Jamie-Ritchie,flanker,26,6'0'', 110KG
197,https://www.unitedrugby.com/clubs/Edinburgh/Pierre-Schoeman,Edinburgh,Pierre-Schoeman,prop,28,6'0'', 118KG
198,https://www.unitedrugby.com/clubs/Edinburgh/Sam-Skinner,Edinburgh,Sam-Skinner,lock,27,6'0'', 111KG
199,https://www.unitedrugby.com/clubs/Edinburgh/Marshall-Sykes,Edinburgh,Marshall-Sykes,lock,22,6'1'', 121KG
200,https://www.unitedrugby.com/clubs/Edinburgh/Boan-Venter,Edinburgh,Boan-Venter,prop,25,6'0'', 120KG
201,https://www.unitedrugby.com/clubs/Edinburgh/Hamish-Watson,Edinburgh,Hamish-Watson,flanker,31,6'0'', 102KG
202,https://www.unitedrugby.com/clubs/Edinburgh/Angus-Williams,Edinburgh,Angus-Williams,prop,28,5'10'', 117KG
203,https://www.unitedrugby.com/clubs/Edinburgh/Glen-Young,Edinburgh,Glen-Young,lock,27,6'1'', 119KG
204,https://www.unitedrugby.com/clubs/Edinburgh/Mark-Bennett,Edinburgh,Mark-Bennett,centre,29,6'0'', 94KG
205,https://www.unitedrugby.com/clubs/Edinburgh/Jack-Blain,Edinburgh,Jack-Blain,wing,22,6'0'', 102KG
206,https://www.unitedrugby.com/clubs/Edinburgh/Emiliano-Boffelli,Edinburgh,Emiliano-Boffelli,fullback,27,6'0'', 91KG
207,https://www.unitedrugby.com/clubs/Edinburgh/Matt-Currie,Edinburgh,Matt-Currie,centre,21,6'0'', 92KG
208,https://www.unitedrugby.com/clubs/Edinburgh/Chris-Dean,Edinburgh,Chris-Dean,centre,28,6'0'', 99KG
209,https://www.unitedrugby.com/clubs/Edinburgh/Wes-Goosen,Edinburgh,Wes-Goosen,wing,27,5'10'', 92KG
210,https://www.unitedrugby.com/clubs/Edinburgh/Darcy-Graham,Edinburgh,Darcy-Graham,wing,25,5'1'', 85KG
211,https://www.unitedrugby.com/clubs/Edinburgh/Damien-Hoyland,Edinburgh,Damien-Hoyland,wing,28,5'10'', 93KG
212,https://www.unitedrugby.com/clubs/Edinburgh/Cammy-Hutchison,Edinburgh,Cammy-Hutchison,centre,24,6'0'', 103KG
213,https://www.unitedrugby.com/clubs/Edinburgh/Henry-Immelman,Edinburgh,Henry-Immelman,centre,27,6'0'', 107KG
214,https://www.unitedrugby.com/clubs/Edinburgh/Blair-Kinghorn,Edinburgh,Blair-Kinghorn,fullback,25,6'0'', 105KG
215,https://www.unitedrugby.com/clubs/Edinburgh/James-Lang,Edinburgh,James-Lang,centre,27,6'0'', 95KG
216,https://www.unitedrugby.com/clubs/Edinburgh/Freddie-Owsley,Edinburgh,Freddie-Owsley,wing,25,6'0'', 93KG
217,https://www.unitedrugby.com/clubs/Edinburgh/Henry-Pyrgos,Edinburgh,Henry-Pyrgos,scrum-half,33,5'10'', 83KG
218,https://www.unitedrugby.com/clubs/Edinburgh/Charlie-Savala,Edinburgh,Charlie-Savala,fly-half,22,6'0'', 96KG
219,https://www.unitedrugby.com/clubs/Edinburgh/Charlie-Shiel,Edinburgh,Charlie-Shiel,scrum-half,24,5'10'', 82KG
220,https://www.unitedrugby.com/clubs/Edinburgh/Ben-Vellacott,Edinburgh,Ben-Vellacott,scrum-half,27,5'1'', 80KG
221,https://www.unitedrugby.com/clubs/Glasgow-Warriors/Lewis-Bean,Glasgow-Warriors,Lewis-Bean,lock,30,6'1'', 130KG
222,https://www.unitedrugby.com/clubs/Glasgow-Warriors/Simon-Berghan,Glasgow-Warriors,Simon-Berghan,prop,31,6'0'', 118KG
223,https://www.unitedrugby.com/clubs/Glasgow-Warriors/Jamie-Bhatti,Glasgow-Warriors,Jamie-Bhatti,prop,29,6'0'', 123KG
224,https://www.unitedrugby.com/clubs/Glasgow-Warriors/Fraser-Brown,Glasgow-Warriors,Fraser-Brown,hooker,33,6'0'', 99KG
225,https://www.unitedrugby.com/clubs/Glasgow-Warriors/Gregor-Brown,Glasgow-Warriors,Gregor-Brown,flanker,21,6'0'', 115KG
226,https://www.unitedrugby.com/clubs/Glasgow-Warriors/Scott-Cummings,Glasgow-Warriors,Scott-Cummings,lock,25,6'1'', 107KG
227,https://www.unitedrugby.com/clubs/Glasgow-Warriors/Rory-Darge,Glasgow-Warriors,Rory-Darge,flanker,22,6'0'', 99KG
228,https://www.unitedrugby.com/clubs/Glasgow-Warriors/Allan-Dell,Glasgow-Warriors,Allan-Dell,prop,30,6'0'', 108KG
229,https://www.unitedrugby.com/clubs/Glasgow-Warriors/Jack-Dempsey,Glasgow-Warriors,Jack-Dempsey,flanker,28,6'0'', 112KG
230,https://www.unitedrugby.com/clubs/Glasgow-Warriors/Zander-Fagerson,Glasgow-Warriors,Zander-Fagerson,prop,26,6'0'', 120KG
231,https://www.unitedrugby.com/clubs/Glasgow-Warriors/Matt-Fagerson,Glasgow-Warriors,Matt-Fagerson,flanker,24,6'0'', 100KG
232,https://www.unitedrugby.com/clubs/Glasgow-Warriors/Angus-Fraser,Glasgow-Warriors,Angus-Fraser,hooker,22,6'0'', 107KG
233,https://www.unitedrugby.com/clubs/Glasgow-Warriors/Tom-Gordon,Glasgow-Warriors,Tom-Gordon,flanker,25,5'11'', 93KG
234,https://www.unitedrugby.com/clubs/Glasgow-Warriors/Richie-Gray,Glasgow-Warriors,Richie-Gray,lock,33,6'10'', 118KG
235,https://www.unitedrugby.com/clubs/Glasgow-Warriors/Oli-Kebble,Glasgow-Warriors,Oli-Kebble,prop,30,6'0'', 124KG
236,https://www.unitedrugby.com/clubs/Glasgow-Warriors/Sintu-Manjezi,Glasgow-Warriors,Sintu-Manjezi,lock,27,6'1'', 117KG
237,https://www.unitedrugby.com/clubs/Glasgow-Warriors/Jonny-Matthews,Glasgow-Warriors,Jonny-Matthews,hooker,29,5'10'', 110KG
238,https://www.unitedrugby.com/clubs/Glasgow-Warriors/Nathan-McBeth,Glasgow-Warriors,Nathan-McBeth,prop,24,6'0'', 118KG
239,https://www.unitedrugby.com/clubs/Glasgow-Warriors/Ally-Miller,Glasgow-Warriors,Ally-Miller,flanker,26,6'0'', 112KG
240,https://www.unitedrugby.com/clubs/Glasgow-Warriors/Alex-Samuel,Glasgow-Warriors,Alex-Samuel,lock,19,6'1'', 119KG
241,https://www.unitedrugby.com/clubs/Glasgow-Warriors/Lucio-Sordoni,Glasgow-Warriors,Lucio-Sordoni,prop,24,6'0'', 130KG
242,https://www.unitedrugby.com/clubs/Glasgow-Warriors/George-Turner,Glasgow-Warriors,George-Turner,hooker,30,5'11'', 102KG
243,https://www.unitedrugby.com/clubs/Glasgow-Warriors/Sione-Vailanu,Glasgow-Warriors,Sione-Vailanu,flanker,27,6'0'', 128KG
244,https://www.unitedrugby.com/clubs/Glasgow-Warriors/Murphy-Walker,Glasgow-Warriors,Murphy-Walker,prop,23,6'0'', 110KG
245,https://www.unitedrugby.com/clubs/Glasgow-Warriors/Max-Williamson,Glasgow-Warriors,Max-Williamson,lock,20,5'1'', 118KG
246,https://www.unitedrugby.com/clubs/Glasgow-Warriors/Ryan-Wilson,Glasgow-Warriors,Ryan-Wilson,flanker,33,6'0'', 103KG
247,https://www.unitedrugby.com/clubs/Glasgow-Warriors/Sebastian-Cancelliere,Glasgow-Warriors,Sebastian-Cancelliere,wing,29,6'0'', 92KG
248,https://www.unitedrugby.com/clubs/Glasgow-Warriors/Jamie-Dobie,Glasgow-Warriors,Jamie-Dobie,scrum-half,21,5'11'', 81KG
249,https://www.unitedrugby.com/clubs/Glasgow-Warriors/Walter-Fifita,Glasgow-Warriors,Walter-Fifita,wing,25,6'0'', 115KG
250,https://www.unitedrugby.com/clubs/Glasgow-Warriors/Cole-Forbes,Glasgow-Warriors,Cole-Forbes,wing,23,5'11'', 97KG
251,https://www.unitedrugby.com/clubs/Glasgow-Warriors/Joel-Hodgson,Glasgow-Warriors,Joel-Hodgson,fly-half,30,5'10'', 82KG
252,https://www.unitedrugby.com/clubs/Glasgow-Warriors/George-Horne,Glasgow-Warriors,George-Horne,scrum-half,27,5'1'', 80KG
253,https://www.unitedrugby.com/clubs/Glasgow-Warriors/Will-Hunt,Glasgow-Warriors,Will-Hunt,fly-half,24,6'0'', 90KG
254,https://www.unitedrugby.com/clubs/Glasgow-Warriors/Sam-Johnson,Glasgow-Warriors,Sam-Johnson,centre,29,6'0'', 86KG
255,https://www.unitedrugby.com/clubs/Glasgow-Warriors/Huw-Jones,Glasgow-Warriors,Huw-Jones,centre,28,6'0'', 100KG
256,https://www.unitedrugby.com/clubs/Glasgow-Warriors/Tom-Jordan,Glasgow-Warriors,Tom-Jordan,fly-half,24,, KG
257,https://www.unitedrugby.com/clubs/Glasgow-Warriors/Sean-Kennedy,Glasgow-Warriors,Sean-Kennedy,scrum-half,31,5'10'', 84KG
258,https://www.unitedrugby.com/clubs/Glasgow-Warriors/Stafford-McDowall,Glasgow-Warriors,Stafford-McDowall,centre,24,6'0'', 103KG
259,https://www.unitedrugby.com/clubs/Glasgow-Warriors/Josh-McKay,Glasgow-Warriors,Josh-McKay,fullback,25,5'11'', 75KG
260,https://www.unitedrugby.com/clubs/Glasgow-Warriors/Rufus-McLean,Glasgow-Warriors,Rufus-McLean,wing,22,5'11'', 75KG
261,https://www.unitedrugby.com/clubs/Glasgow-Warriors/Domingo-Miotti,Glasgow-Warriors,Domingo-Miotti,fly-half,26,6'0'', 105KG
262,https://www.unitedrugby.com/clubs/Glasgow-Warriors/Ali-Price,Glasgow-Warriors,Ali-Price,scrum-half,29,5'10'', 80KG
263,https://www.unitedrugby.com/clubs/Glasgow-Warriors/Ollie-Smith,Glasgow-Warriors,Ollie-Smith,fullback,22,6'0'', 85KG
264,https://www.unitedrugby.com/clubs/Glasgow-Warriors/Kyle-Steyn,Glasgow-Warriors,Kyle-Steyn,wing,28,6'0'', 94KG
265,https://www.unitedrugby.com/clubs/Glasgow-Warriors/Ross-Thompson,Glasgow-Warriors,Ross-Thompson,fly-half,23,5'11'', 86KG
266,https://www.unitedrugby.com/clubs/Glasgow-Warriors/Sione-Tuipulotu,Glasgow-Warriors,Sione-Tuipulotu,centre,25,5'10'', 102KG
267,https://www.unitedrugby.com/clubs/Glasgow-Warriors/Duncan-Weir,Glasgow-Warriors,Duncan-Weir,fly-half,31,5'1'', 88KG
268,https://www.unitedrugby.com/clubs/Leinster/Vakh-Abdaladze,Leinster,Vakh-Abdaladze,prop,26,6'0'', 121KG
269,https://www.unitedrugby.com/clubs/Leinster/Ryan-Baird,Leinster,Ryan-Baird,lock,23,6'1'', 113KG
270,https://www.unitedrugby.com/clubs/Leinster/Ed-Byrne,Leinster,Ed-Byrne,prop,29,5'11'', 115KG
271,https://www.unitedrugby.com/clubs/Leinster/Tom-Clarkson,Leinster,Tom-Clarkson,prop,22,6'0'', 118KG
272,https://www.unitedrugby.com/clubs/Leinster/Jack-Conan,Leinster,Jack-Conan,no. 8,30,6'0'', 110KG
273,https://www.unitedrugby.com/clubs/Leinster/Will-Connors,Leinster,Will-Connors,flanker,26,6'0'', 100KG
274,https://www.unitedrugby.com/clubs/Leinster/Max-Deegan,Leinster,Max-Deegan,no. 8,26,6'0'', 110KG
275,https://www.unitedrugby.com/clubs/Leinster/Brian-Deeny,Leinster,Brian-Deeny,lock,22,6'1'', 118KG
276,https://www.unitedrugby.com/clubs/Leinster/Caelan-Doris,Leinster,Caelan-Doris,flanker,24,6'0'', 106KG
277,https://www.unitedrugby.com/clubs/Leinster/Tadhg-Furlong,Leinster,Tadhg-Furlong,prop,29,6'0'', 125KG
278,https://www.unitedrugby.com/clubs/Leinster/Cian-Healy,Leinster,Cian-Healy,prop,35,6'0'', 116KG
279,https://www.unitedrugby.com/clubs/Leinster/Jason-Jenkins,Leinster,Jason-Jenkins,lock,26,6'1'', 124KG
280,https://www.unitedrugby.com/clubs/Leinster/Ronan-Kelleher,Leinster,Ronan-Kelleher,hooker,24,6'0'', 110KG
281,https://www.unitedrugby.com/clubs/Leinster/Joe-McCarthy,Leinster,Joe-McCarthy,lock,21,6'1'', 119KG
282,https://www.unitedrugby.com/clubs/Leinster/John-McKee,Leinster,John-McKee,hooker,22,6'0'', 103KG
283,https://www.unitedrugby.com/clubs/Leinster/Michael-Milne,Leinster,Michael-Milne,prop,23,6'0'', 115KG
284,https://www.unitedrugby.com/clubs/Leinster/Martin-Moloney,Leinster,Martin-Moloney,flanker,23,6'0'', 104KG
285,https://www.unitedrugby.com/clubs/Leinster/Ross-Molony,Leinster,Ross-Molony,lock,28,6'1'', 116KG
286,https://www.unitedrugby.com/clubs/Leinster/Scott-Penny,Leinster,Scott-Penny,flanker,23,6'0'', 104KG
287,https://www.unitedrugby.com/clubs/Leinster/Andrew-Porter,Leinster,Andrew-Porter,prop,26,6'0'', 114KG
288,https://www.unitedrugby.com/clubs/Leinster/Rhys-Ruddock,Leinster,Rhys-Ruddock,flanker,31,6'0'', 113KG
289,https://www.unitedrugby.com/clubs/Leinster/Charlie-Ryan,Leinster,Charlie-Ryan,lock,23,6'1'', 115KG
290,https://www.unitedrugby.com/clubs/Leinster/James-Ryan,Leinster,James-Ryan,lock,26,6'1'', 115KG
291,https://www.unitedrugby.com/clubs/Leinster/Dan-Sheehan,Leinster,Dan-Sheehan,hooker,24,6'0'', 110KG
292,https://www.unitedrugby.com/clubs/Leinster/Alex-Soroka,Leinster,Alex-Soroka,flanker,21,6'0'', 107KG
293,https://www.unitedrugby.com/clubs/Leinster/James-Tracy,Leinster,James-Tracy,hooker,31,6'0'', 106KG
294,https://www.unitedrugby.com/clubs/Leinster/Ross-Byrne,Leinster,Ross-Byrne,fly-half,27,6'0'', 92KG
295,https://www.unitedrugby.com/clubs/Leinster/Harry-Byrne,Leinster,Harry-Byrne,fly-half,23,6'0'', 95KG
296,https://www.unitedrugby.com/clubs/Leinster/Cormac-Foley,Leinster,Cormac-Foley,scrum-half,23,5'11'', 90KG
297,https://www.unitedrugby.com/clubs/Leinster/Ciaran-Frawley,Leinster,Ciaran-Frawley,fly-half,24,6'0'', 98KG
298,https://www.unitedrugby.com/clubs/Leinster/Jamison-Gibson-Park,Leinster,Jamison-Gibson-Park,scrum-half,30,5'1'', 80KG
299,https://www.unitedrugby.com/clubs/Leinster/Robbie-Henshaw,Leinster,Robbie-Henshaw,centre,29,6'0'', 99KG
300,https://www.unitedrugby.com/clubs/Leinster/Dave-Kearney,Leinster,Dave-Kearney,wing,33,5'11'', 90KG
301,https://www.unitedrugby.com/clubs/Leinster/Hugo-Keenan,Leinster,Hugo-Keenan,fullback,26,6'0'', 92KG
302,https://www.unitedrugby.com/clubs/Leinster/Jordan-Larmour,Leinster,Jordan-Larmour,wing,25,5'10'', 88KG
303,https://www.unitedrugby.com/clubs/Leinster/James-Lowe,Leinster,James-Lowe,wing,30,6'0'', 105KG
304,https://www.unitedrugby.com/clubs/Leinster/Nick-McCarthy,Leinster,Nick-McCarthy,scrum-half,27,5'11'', 84KG
305,https://www.unitedrugby.com/clubs/Leinster/Luke-McGrath,Leinster,Luke-McGrath,scrum-half,29,5'1'', 82KG
306,https://www.unitedrugby.com/clubs/Leinster/Charlie-Ngatai,Leinster,Charlie-Ngatai,centre,32,6'0'', 102KG
307,https://www.unitedrugby.com/clubs/Leinster/Jamie-Osborne,Leinster,Jamie-Osborne,centre,20,6'0'', 97KG
308,https://www.unitedrugby.com/clubs/Leinster/Garry-Ringrose,Leinster,Garry-Ringrose,centre,27,6'0'', 96KG
309,https://www.unitedrugby.com/clubs/Leinster/Rob-Russell,Leinster,Rob-Russell,fullback,23,6'0'', 91KG
310,https://www.unitedrugby.com/clubs/Leinster/Johnny-Sexton,Leinster,Johnny-Sexton,fly-half,37,6'0'', 90KG
311,https://www.unitedrugby.com/clubs/Leinster/Liam-Turner,Leinster,Liam-Turner,centre,23,5'1'', 93KG
312,https://www.unitedrugby.com/clubs/Munster/Tom-Ahern,Munster,Tom-Ahern,lock,22,6'1'', 117KG
313,https://www.unitedrugby.com/clubs/Munster/Stephen-Archer,Munster,Stephen-Archer,prop,34,6'0'', 118KG
314,https://www.unitedrugby.com/clubs/Munster/Diarmuid-Barron,Munster,Diarmuid-Barron,hooker,24,6'0'', 98KG
315,https://www.unitedrugby.com/clubs/Munster/Tadhg-Beirne,Munster,Tadhg-Beirne,lock,30,6'1'', 113KG
316,https://www.unitedrugby.com/clubs/Munster/Scott-Buckley,Munster,Scott-Buckley,hooker,22,5'11'', 104KG
317,https://www.unitedrugby.com/clubs/Munster/Gavin-Coombes,Munster,Gavin-Coombes,flanker,24,6'1'', 110KG
318,https://www.unitedrugby.com/clubs/Munster/Jack-Daly,Munster,Jack-Daly,flanker,24,6'0'', 107KG
319,https://www.unitedrugby.com/clubs/Munster/Edwin-Edogbo,Munster,Edwin-Edogbo,lock,19,, KG
320,https://www.unitedrugby.com/clubs/Munster/James-French,Munster,James-French,prop,23,6'0'', 121KG
321,https://www.unitedrugby.com/clubs/Munster/John-Hodnett,Munster,John-Hodnett,flanker,23,6'0'', 105KG
322,https://www.unitedrugby.com/clubs/Munster/Alex-Kendellen,Munster,Alex-Kendellen,flanker,21,6'0'', 105KG
323,https://www.unitedrugby.com/clubs/Munster/Dave-Kilcoyne,Munster,Dave-Kilcoyne,prop,33,6'0'', 111KG
324,https://www.unitedrugby.com/clubs/Munster/Jean-Kleyn,Munster,Jean-Kleyn,lock,29,6'1'', 121KG
325,https://www.unitedrugby.com/clubs/Munster/Keynan-Knox,Munster,Keynan-Knox,prop,23,6'0'', 115KG
326,https://www.unitedrugby.com/clubs/Munster/Jeremy-Loughman,Munster,Jeremy-Loughman,prop,27,6'0'', 118KG
327,https://www.unitedrugby.com/clubs/Munster/Chris-Moore,Munster,Chris-Moore,hooker,22,6'0'', 110KG
328,https://www.unitedrugby.com/clubs/Munster/Ruadhan-Quinn,Munster,Ruadhan-Quinn,flanker,19,, KG
329,https://www.unitedrugby.com/clubs/Munster/Roman-Salanoa,Munster,Roman-Salanoa,prop,24,6'0'', 123KG
330,https://www.unitedrugby.com/clubs/Munster/Niall-Scannell,Munster,Niall-Scannell,hooker,30,6'0'', 111KG
331,https://www.unitedrugby.com/clubs/Munster/RG-Snyman,Munster,RG-Snyman,lock,27,6'1'', 117KG
332,https://www.unitedrugby.com/clubs/Munster/Josh-Wycherley,Munster,Josh-Wycherley,prop,23,6'0'', 108KG
333,https://www.unitedrugby.com/clubs/Munster/Fineen-Wycherley,Munster,Fineen-Wycherley,lock,24,6'0'', 112KG
334,https://www.unitedrugby.com/clubs/Munster/Patrick-Campbell,Munster,Patrick-Campbell,fullback,20,5'10'', 88KG
335,https://www.unitedrugby.com/clubs/Munster/Joey-Carbery,Munster,Joey-Carbery,fly-half,26,6'0'', 86KG
336,https://www.unitedrugby.com/clubs/Munster/Craig-Casey,Munster,Craig-Casey,scrum-half,23,5'1'', 76KG
337,https://www.unitedrugby.com/clubs/Munster/Andrew-Conway,Munster,Andrew-Conway,fullback,31,5'11'', 90KG
338,https://www.unitedrugby.com/clubs/Munster/Liam-Coombes,Munster,Liam-Coombes,fullback,25,6'0'', 89KG
339,https://www.unitedrugby.com/clubs/Munster/Neil-Cronin,Munster,Neil-Cronin,scrum-half,29,5'1'', 83KG
340,https://www.unitedrugby.com/clubs/Munster/Jack-Crowley,Munster,Jack-Crowley,fly-half,22,6'0'', 89KG
341,https://www.unitedrugby.com/clubs/Munster/Shane-Daly,Munster,Shane-Daly,centre,25,6'0'', 92KG
342,https://www.unitedrugby.com/clubs/Munster/Keith-Earls,Munster,Keith-Earls,wing,35,5'10'', 87KG
343,https://www.unitedrugby.com/clubs/Munster/Chris-Farrell,Munster,Chris-Farrell,centre,29,6'0'', 110KG
344,https://www.unitedrugby.com/clubs/Munster/Malakai-Fekitoa,Munster,Malakai-Fekitoa,centre,30,6'0'', 100KG
345,https://www.unitedrugby.com/clubs/Munster/Antoine-Frisch,Munster,Antoine-Frisch,centre,26,6'0'', 90KG
346,https://www.unitedrugby.com/clubs/Munster/Fionn-Gibbons,Munster,Fionn-Gibbons,centre,20,6'5'', 100KG
347,https://www.unitedrugby.com/clubs/Munster/Dan-Goggin,Munster,Dan-Goggin,centre,27,6'0'', 97KG
348,https://www.unitedrugby.com/clubs/Munster/Mike-Haley,Munster,Mike-Haley,fullback,28,6'0'', 93KG
349,https://www.unitedrugby.com/clubs/Munster/Ben-Healy,Munster,Ben-Healy,fly-half,23,6'0'', 97KG
350,https://www.unitedrugby.com/clubs/Munster/Conor-Murray,Munster,Conor-Murray,scrum-half,33,6'0'', 93KG
351,https://www.unitedrugby.com/clubs/Munster/Calvin-Nash,Munster,Calvin-Nash,wing,25,5'10'', 90KG
352,https://www.unitedrugby.com/clubs/Munster/Paddy-Patterson,Munster,Paddy-Patterson,scrum-half,23,5'1'', 75KG
353,https://www.unitedrugby.com/clubs/Munster/Conor-Phillips,Munster,Conor-Phillips,wing,23,6'0'', 92KG
354,https://www.unitedrugby.com/clubs/Munster/Rory-Scannell,Munster,Rory-Scannell,centre,28,5'10'', 96KG
355,https://www.unitedrugby.com/clubs/Munster/Simon-Zebo,Munster,Simon-Zebo,wing,32,6'0'', 99KG
356,https://www.unitedrugby.com/clubs/Ospreys/Scott-Baldwin,Ospreys,Scott-Baldwin,hooker,34,6'0'', 110KG
357,https://www.unitedrugby.com/clubs/Ospreys/Adam-Beard,Ospreys,Adam-Beard,lock,26,6'1'', 117KG
358,https://www.unitedrugby.com/clubs/Ospreys/Tom-Botha,Ospreys,Tom-Botha,prop,32,5'10'', 110KG
359,https://www.unitedrugby.com/clubs/Ospreys/Sam-Cross,Ospreys,Sam-Cross,no. 8,30,6'0'', 101KG
360,https://www.unitedrugby.com/clubs/Ospreys/Bradley-Davies,Ospreys,Bradley-Davies,lock,35,6'1'', 122KG
361,https://www.unitedrugby.com/clubs/Ospreys/Rhys-Davies,Ospreys,Rhys-Davies,lock,23,6'1'', 116KG
362,https://www.unitedrugby.com/clubs/Ospreys/Cai-Davies,Ospreys,Cai-Davies,flanker,21,6'0'', 114KG
363,https://www.unitedrugby.com/clubs/Ospreys/Harri-Deaves,Ospreys,Harri-Deaves,flanker,21,5'11'', 91KG
364,https://www.unitedrugby.com/clubs/Ospreys/Ellis-Fackrell,Ospreys,Ellis-Fackrell,prop,18,6'0'', 111KG
365,https://www.unitedrugby.com/clubs/Ospreys/Tomas-Francis,Ospreys,Tomas-Francis,prop,30,6'0'', 120KG
366,https://www.unitedrugby.com/clubs/Ospreys/Will-Griffiths,Ospreys,Will-Griffiths,lock,23,6'0'', 105KG
367,https://www.unitedrugby.com/clubs/Ospreys/Rhys-Henry,Ospreys,Rhys-Henry,prop,24,5'1'', 114KG
368,https://www.unitedrugby.com/clubs/Ospreys/Will-Hickey,Ospreys,Will-Hickey,flanker,20,6'0'', 108KG
369,https://www.unitedrugby.com/clubs/Ospreys/Lewis-Jones,Ospreys,Lewis-Jones,lock,20,6'1'', 102KG
370,https://www.unitedrugby.com/clubs/Ospreys/Dewi-Lake,Ospreys,Dewi-Lake,hooker,23,6'0'', 110KG
371,https://www.unitedrugby.com/clubs/Ospreys/Dan-Lydiate,Ospreys,Dan-Lydiate,flanker,34,6'0'', 115KG
372,https://www.unitedrugby.com/clubs/Ospreys/Jac-Morgan,Ospreys,Jac-Morgan,flanker,22,5'11'', 102KG
373,https://www.unitedrugby.com/clubs/Ospreys/Morgan-Morris,Ospreys,Morgan-Morris,flanker,24,6'0'', 102KG
374,https://www.unitedrugby.com/clubs/Ospreys/Morgan-Morse,Ospreys,Morgan-Morse,flanker,17,5'11'', 102KG
375,https://www.unitedrugby.com/clubs/Ospreys/Sam-Parry,Ospreys,Sam-Parry,hooker,30,6'0'', 114KG
376,https://www.unitedrugby.com/clubs/Ospreys/Garyn-Phillips,Ospreys,Garyn-Phillips,prop,21,6'0'', KG
377,https://www.unitedrugby.com/clubs/Ospreys/Jack-Regan,Ospreys,Jack-Regan,lock,25,6'1'', 114KG
378,https://www.unitedrugby.com/clubs/Ospreys/Ethan-Roots,Ospreys,Ethan-Roots,flanker,24,6'0'', 110KG
379,https://www.unitedrugby.com/clubs/Ospreys/Nicky-Smith,Ospreys,Nicky-Smith,prop,28,6'0'', 116KG
380,https://www.unitedrugby.com/clubs/Ospreys/Huw-Sutton,Ospreys,Huw-Sutton,lock,22,, KG
381,https://www.unitedrugby.com/clubs/Ospreys/Elvis-Taione,Ospreys,Elvis-Taione,hooker,39,5'11'', 112KG
382,https://www.unitedrugby.com/clubs/Ospreys/Gareth-Thomas,Ospreys,Gareth-Thomas,prop,29,6'0'', 116KG
383,https://www.unitedrugby.com/clubs/Ospreys/Justin-Tipuric,Ospreys,Justin-Tipuric,flanker,33,6'0'', 102KG
384,https://www.unitedrugby.com/clubs/Ospreys/Ben-Warren,Ospreys,Ben-Warren,prop,22,6'0'', 118KG
385,https://www.unitedrugby.com/clubs/Ospreys/Gareth-Anscombe,Ospreys,Gareth-Anscombe,fly-half,31,6'0'', 87KG
386,https://www.unitedrugby.com/clubs/Ospreys/Matthew-Aubrey,Ospreys,Matthew-Aubrey,scrum-half,25,5'1'', 81KG
387,https://www.unitedrugby.com/clubs/Ospreys/Mike-Collins,Ospreys,Mike-Collins,centre,29,6'0'', 99KG
388,https://www.unitedrugby.com/clubs/Ospreys/Alex-Cuthbert,Ospreys,Alex-Cuthbert,wing,32,6'1'', 104KG
389,https://www.unitedrugby.com/clubs/Ospreys/Dan-Edwards,Ospreys,Dan-Edwards,fly-half,19,5'10'', 75KG
390,https://www.unitedrugby.com/clubs/Ospreys/Dan-Evans,Ospreys,Dan-Evans,fullback,33,6'0'', 93KG
391,https://www.unitedrugby.com/clubs/Ospreys/Cai-Evans,Ospreys,Cai-Evans,fly-half,23,6'0'', 84KG
392,https://www.unitedrugby.com/clubs/Ospreys/Tom-Florence,Ospreys,Tom-Florence,centre,19,6'0'', 95KG
393,https://www.unitedrugby.com/clubs/Ospreys/Keelan-Giles,Ospreys,Keelan-Giles,wing,24,5'1'', 77KG
394,https://www.unitedrugby.com/clubs/Ospreys/Joe-Hawkins,Ospreys,Joe-Hawkins,centre,20,6'0'', 98KG
395,https://www.unitedrugby.com/clubs/Ospreys/Iestyn-Hopkins,Ospreys,Iestyn-Hopkins,fullback,20,5'1'', 88KG
396,https://www.unitedrugby.com/clubs/Ospreys/Harri-Houston,Ospreys,Harri-Houston,wing,18,5'1'', 80KG
397,https://www.unitedrugby.com/clubs/Ospreys/Osian-Knott,Ospreys,Osian-Knott,centre,22,6'0'', 102KG
398,https://www.unitedrugby.com/clubs/Ospreys/Luke-Morgan,Ospreys,Luke-Morgan,wing,30,5'1'', 81KG
399,https://www.unitedrugby.com/clubs/Ospreys/Harri-Morgan,Ospreys,Harri-Morgan,scrum-half,22,5'10'', 84KG
400,https://www.unitedrugby.com/clubs/Ospreys/Reuben-Morgan-Williams,Ospreys,Reuben-Morgan-Williams,scrum-half,24,5'10'', 84KG
401,https://www.unitedrugby.com/clubs/Ospreys/Stephen-Myler,Ospreys,Stephen-Myler,fly-half,38,5'11'', 95KG
402,https://www.unitedrugby.com/clubs/Ospreys/Max-Nagy,Ospreys,Max-Nagy,wing,23,6'0'', 95KG
403,https://www.unitedrugby.com/clubs/Ospreys/George-North,Ospreys,George-North,wing,30,6'0'', 109KG
404,https://www.unitedrugby.com/clubs/Ospreys/Mat-Protheroe,Ospreys,Mat-Protheroe,wing,26,5'11'', 78KG
405,https://www.unitedrugby.com/clubs/Ospreys/Tiaan-Thomas-Wheeler,Ospreys,Tiaan-Thomas-Wheeler,fullback,22,6'0'', 100KG
406,https://www.unitedrugby.com/clubs/Ospreys/Jack-Walsh,Ospreys,Jack-Walsh,fly-half,22,5'1'', 98KG
407,https://www.unitedrugby.com/clubs/Ospreys/Owen-Watkin,Ospreys,Owen-Watkin,centre,26,6'0'', 100KG
408,https://www.unitedrugby.com/clubs/Ospreys/Rhys-Webb,Ospreys,Rhys-Webb,scrum-half,33,6'0'', 91KG
409,https://www.unitedrugby.com/clubs/Ospreys/Keiran-Williams,Ospreys,Keiran-Williams,centre,24,5'10'', 96KG
410,https://www.unitedrugby.com/clubs/Scarlets/Taylor-Davies,Scarlets,Taylor-Davies,hooker,27,6'0'', 102KG
411,https://www.unitedrugby.com/clubs/Scarlets/Dan-Davis,Scarlets,Dan-Davis,flanker,24,6'0'', 99KG
412,https://www.unitedrugby.com/clubs/Scarlets/Ryan-Elias,Scarlets,Ryan-Elias,hooker,27,6'0'', 107KG
413,https://www.unitedrugby.com/clubs/Scarlets/Shaun-Evans,Scarlets,Shaun-Evans,hooker,26,6'0'', 106KG
414,https://www.unitedrugby.com/clubs/Scarlets/Vaea-Fifita,Scarlets,Vaea-Fifita,flanker,30,6'0'', 114KG
415,https://www.unitedrugby.com/clubs/Scarlets/Luca-Giannini,Scarlets,Luca-Giannini,flanker,18,, KG
416,https://www.unitedrugby.com/clubs/Scarlets/Josh-Helps,Scarlets,Josh-Helps,lock,27,6'1'', 115KG
417,https://www.unitedrugby.com/clubs/Scarlets/Dafydd-Hughes,Scarlets,Dafydd-Hughes,hooker,26,5'10'', 103KG
418,https://www.unitedrugby.com/clubs/Scarlets/Alex-Jeffries,Scarlets,Alex-Jeffries,prop,27,6'0'', 130KG
419,https://www.unitedrugby.com/clubs/Scarlets/Willgriff-John,Scarlets,Willgriff-John,prop,29,6'0'', 128KG
420,https://www.unitedrugby.com/clubs/Scarlets/Wyn-Jones,Scarlets,Wyn-Jones,prop,30,6'0'', 114KG
421,https://www.unitedrugby.com/clubs/Scarlets/Morgan-Jones,Scarlets,Morgan-Jones,lock,23,, KG
422,https://www.unitedrugby.com/clubs/Scarlets/Sione-Kalamafoni,Scarlets,Sione-Kalamafoni,flanker,34,6'0'', 122KG
423,https://www.unitedrugby.com/clubs/Scarlets/Samson-Lee,Scarlets,Samson-Lee,prop,29,5'10'', 118KG
424,https://www.unitedrugby.com/clubs/Scarlets/Tomas-Lezana,Scarlets,Tomas-Lezana,flanker,28,6'0'', 99KG
425,https://www.unitedrugby.com/clubs/Scarlets/Sam-Lousi,Scarlets,Sam-Lousi,lock,31,6'1'', 121KG
426,https://www.unitedrugby.com/clubs/Scarlets/Josh-Macleod,Scarlets,Josh-Macleod,flanker,25,6'0'', 107KG
427,https://www.unitedrugby.com/clubs/Scarlets/Kemsley-Mathias,Scarlets,Kemsley-Mathias,prop,23,6'0'', 123KG
428,https://www.unitedrugby.com/clubs/Scarlets/Ken-Owens,Scarlets,Ken-Owens,hooker,35,6'0'', 107KG
429,https://www.unitedrugby.com/clubs/Scarlets/Phil-Price,Scarlets,Phil-Price,prop,33,6'0'', 112KG
430,https://www.unitedrugby.com/clubs/Scarlets/Tom-Price,Scarlets,Tom-Price,lock,29,6'1'', 117KG
431,https://www.unitedrugby.com/clubs/Scarlets/Jac-Price,Scarlets,Jac-Price,lock,22,6'1'', 120KG
432,https://www.unitedrugby.com/clubs/Scarlets/Lewis-Rawlins,Scarlets,Lewis-Rawlins,lock,32,6'1'', 117KG
433,https://www.unitedrugby.com/clubs/Scarlets/Iestyn-Rees,Scarlets,Iestyn-Rees,flanker,23,6'0'', 107KG
434,https://www.unitedrugby.com/clubs/Scarlets/Javan-Sebastian,Scarlets,Javan-Sebastian,prop,28,5'1'', 118KG
435,https://www.unitedrugby.com/clubs/Scarlets/Iwan-Shenton,Scarlets,Iwan-Shenton,flanker,22,6'0'', 106KG
436,https://www.unitedrugby.com/clubs/Scarlets/Aaron-Shingler,Scarlets,Aaron-Shingler,flanker,35,6'1'', 106KG
437,https://www.unitedrugby.com/clubs/Scarlets/Steff-Thomas,Scarlets,Steff-Thomas,prop,25,6'0'', 120KG
438,https://www.unitedrugby.com/clubs/Scarlets/Blade-Thomson,Scarlets,Blade-Thomson,flanker,31,6'0'', 108KG
439,https://www.unitedrugby.com/clubs/Scarlets/Carwyn-Tuipulotu,Scarlets,Carwyn-Tuipulotu,flanker,21,6'0'', 128KG
440,https://www.unitedrugby.com/clubs/Scarlets/Corey-Baldwin,Scarlets,Corey-Baldwin,centre,24,6'0'', 98KG
441,https://www.unitedrugby.com/clubs/Scarlets/Dane-Blacker,Scarlets,Dane-Blacker,scrum-half,24,5'1'', 78KG
442,https://www.unitedrugby.com/clubs/Scarlets/Ryan-Conbeer,Scarlets,Ryan-Conbeer,wing,23,5'10'', 87KG
443,https://www.unitedrugby.com/clubs/Scarlets/Sam-Costelow,Scarlets,Sam-Costelow,fly-half,21,5'1'', 84KG
444,https://www.unitedrugby.com/clubs/Scarlets/Jonathan-Davies,Scarlets,Jonathan-Davies,centre,34,6'0'', 95KG
445,https://www.unitedrugby.com/clubs/Scarlets/Gareth-Davies,Scarlets,Gareth-Davies,scrum-half,32,5'10'', 88KG
446,https://www.unitedrugby.com/clubs/Scarlets/Steff-Evans,Scarlets,Steff-Evans,wing,28,5'11'', 95KG
447,https://www.unitedrugby.com/clubs/Scarlets/Leigh-Halfpenny,Scarlets,Leigh-Halfpenny,fullback,33,5'1'', 84KG
448,https://www.unitedrugby.com/clubs/Scarlets/Kieran-Hardy,Scarlets,Kieran-Hardy,scrum-half,26,6'0'', 92KG
449,https://www.unitedrugby.com/clubs/Scarlets/Archie-Hughes,Scarlets,Archie-Hughes,scrum-half,19,5'1'', 72KG
450,https://www.unitedrugby.com/clubs/Scarlets/Eddie-James,Scarlets,Eddie-James,centre,20,6'0'', 104KG
451,https://www.unitedrugby.com/clubs/Scarlets/Dan-Jones,Scarlets,Dan-Jones,fly-half,26,6'0'', 90KG
452,https://www.unitedrugby.com/clubs/Scarlets/Johnny-McNicholl,Scarlets,Johnny-McNicholl,fullback,32,6'0'', 98KG
453,https://www.unitedrugby.com/clubs/Scarlets/Ioan-Nicholas,Scarlets,Ioan-Nicholas,fullback,24,6'0'', 90KG
454,https://www.unitedrugby.com/clubs/Scarlets/Rhys-Patchell,Scarlets,Rhys-Patchell,fly-half,29,6'0'', 92KG
455,https://www.unitedrugby.com/clubs/Scarlets/Joe-Roberts,Scarlets,Joe-Roberts,centre,22,6'0'', 95KG
456,https://www.unitedrugby.com/clubs/Scarlets/Tom-Rogers,Scarlets,Tom-Rogers,fullback,23,6'0'', 89KG
457,https://www.unitedrugby.com/clubs/Scarlets/Scott-Williams,Scarlets,Scott-Williams,centre,32,6'0'', 99KG
458,https://www.unitedrugby.com/clubs/Scarlets/Johnny-Williams,Scarlets,Johnny-Williams,centre,26,6'0'', 105KG
459,https://www.unitedrugby.com/clubs/Scarlets/Harri-Williams,Scarlets,Harri-Williams,scrum-half,19,5'1'', 73KG
460,https://www.unitedrugby.com/clubs/Ulster/John-Andrew,Ulster,John-Andrew,hooker,29,5'11'', 103KG
461,https://www.unitedrugby.com/clubs/Ulster/Frank-Bradshaw-Ryan,Ulster,Frank-Bradshaw-Ryan,lock,27,6'1'', 120KG
462,https://www.unitedrugby.com/clubs/Ulster/Sam-Carter,Ulster,Sam-Carter,lock,33,6'1'', 116KG
463,https://www.unitedrugby.com/clubs/Ulster/Iain-Henderson,Ulster,Iain-Henderson,lock,30,6'1'', 116KG
464,https://www.unitedrugby.com/clubs/Ulster/Rob-Herring,Ulster,Rob-Herring,hooker,32,6'0'', 105KG
465,https://www.unitedrugby.com/clubs/Ulster/Cormac-Izuchukwu,Ulster,Cormac-Izuchukwu,lock,22,6'1'', 117KG
466,https://www.unitedrugby.com/clubs/Ulster/Greg-Jones,Ulster,Greg-Jones,flanker,26,6'0'', 106KG
467,https://www.unitedrugby.com/clubs/Ulster/David-McCann,Ulster,David-McCann,flanker,22,6'0'', 108KG
468,https://www.unitedrugby.com/clubs/Ulster/Gareth-Milasinovich,Ulster,Gareth-Milasinovich,prop,29,6'0'', 130KG
469,https://www.unitedrugby.com/clubs/Ulster/Marty-Moore,Ulster,Marty-Moore,prop,31,5'10'', 123KG
470,https://www.unitedrugby.com/clubs/Ulster/Declan-Moore,Ulster,Declan-Moore,hooker,26,6'0'', 105KG
471,https://www.unitedrugby.com/clubs/Ulster/Jordi-Murphy,Ulster,Jordi-Murphy,flanker,31,6'0'', 106KG
472,https://www.unitedrugby.com/clubs/Ulster/Matty-Rea,Ulster,Matty-Rea,flanker,29,6'0'', 114KG
473,https://www.unitedrugby.com/clubs/Ulster/Marcus-Rea,Ulster,Marcus-Rea,flanker,25,6'0'', 109KG
474,https://www.unitedrugby.com/clubs/Ulster/Sean-Reffell,Ulster,Sean-Reffell,flanker,23,5'11'', 99KG
475,https://www.unitedrugby.com/clubs/Ulster/Callum-Reid,Ulster,Callum-Reid,prop,23,6'0'', 116KG
476,https://www.unitedrugby.com/clubs/Ulster/Tom-Stewart,Ulster,Tom-Stewart,hooker,21,6'0'', 103KG
477,https://www.unitedrugby.com/clubs/Ulster/Nick-Timoney,Ulster,Nick-Timoney,flanker,27,6'0'', 113KG
478,https://www.unitedrugby.com/clubs/Ulster/Jeff-Toomaga-Allen,Ulster,Jeff-Toomaga-Allen,prop,31,6'0'', 128KG
479,https://www.unitedrugby.com/clubs/Ulster/Kieran-Treadwell,Ulster,Kieran-Treadwell,lock,26,6'1'', 115KG
480,https://www.unitedrugby.com/clubs/Ulster/Duane-Vermeulen,Ulster,Duane-Vermeulen,flanker,36,6'0'', 118KG
481,https://www.unitedrugby.com/clubs/Ulster/Andrew-Warwick,Ulster,Andrew-Warwick,prop,31,5'10'', 117KG
482,https://www.unitedrugby.com/clubs/Ulster/Will-Addison,Ulster,Will-Addison,fullback,30,6'0'', 94KG
483,https://www.unitedrugby.com/clubs/Ulster/Robert-Baloucoune,Ulster,Robert-Baloucoune,wing,25,6'0'', 93KG
484,https://www.unitedrugby.com/clubs/Ulster/Billy-Burns,Ulster,Billy-Burns,fly-half,28,6'0'', 87KG
485,https://www.unitedrugby.com/clubs/Ulster/John-Cooney,Ulster,John-Cooney,scrum-half,32,5'10'', 86KG
486,https://www.unitedrugby.com/clubs/Ulster/Angus-Curtis,Ulster,Angus-Curtis,fly-half,24,5'10'', 92KG
487,https://www.unitedrugby.com/clubs/Ulster/Nathan-Doak,Ulster,Nathan-Doak,scrum-half,20,6'0'', 85KG
488,https://www.unitedrugby.com/clubs/Ulster/Jake-Flannery,Ulster,Jake-Flannery,fly-half,23,6'0'', 91KG
489,https://www.unitedrugby.com/clubs/Ulster/Craig-Gilroy,Ulster,Craig-Gilroy,wing,31,6'0'', 90KG
490,https://www.unitedrugby.com/clubs/Ulster/James-Hume,Ulster,James-Hume,centre,24,6'0'', 98KG
491,https://www.unitedrugby.com/clubs/Ulster/Mike-Lowry,Ulster,Mike-Lowry,fly-half,24,5'1'', 76KG
492,https://www.unitedrugby.com/clubs/Ulster/Rob-Lyttle,Ulster,Rob-Lyttle,wing,25,5'1'', 85KG
493,https://www.unitedrugby.com/clubs/Ulster/Ian-Madigan,Ulster,Ian-Madigan,fly-half,33,5'10'', 89KG
494,https://www.unitedrugby.com/clubs/Ulster/Luke-Marshall,Ulster,Luke-Marshall,centre,31,5'11'', 95KG
495,https://www.unitedrugby.com/clubs/Ulster/Stuart-McCloskey,Ulster,Stuart-McCloskey,centre,30,6'0'', 111KG
496,https://www.unitedrugby.com/clubs/Ulster/Michael-McDonald,Ulster,Michael-McDonald,scrum-half,23,5'10'', 95KG
497,https://www.unitedrugby.com/clubs/Ulster/Ethan-Mcilroy,Ulster,Ethan-Mcilroy,fullback,22,6'0'', 89KG
498,https://www.unitedrugby.com/clubs/Ulster/Stewart-Moore,Ulster,Stewart-Moore,centre,23,6'0'', 91KG
499,https://www.unitedrugby.com/clubs/Ulster/Ben-Moxham,Ulster,Ben-Moxham,centre,21,6'0'', 100KG
500,https://www.unitedrugby.com/clubs/Ulster/Jude-Postlethwaite,Ulster,Jude-Postlethwaite,centre,20,6'0'', 103KG
501,https://www.unitedrugby.com/clubs/Ulster/Aaron-Sexton,Ulster,Aaron-Sexton,fullback,22,6'0'', 92KG
502,https://www.unitedrugby.com/clubs/Ulster/Dave-Shanahan,Ulster,Dave-Shanahan,scrum-half,29,5'1'', 78KG
503,https://www.unitedrugby.com/clubs/Ulster/Jacob-Stockdale,Ulster,Jacob-Stockdale,wing,26,6'0'', 102KG
504,https://www.unitedrugby.com/clubs/Zebre-Parma/Luca-Andreani,Zebre-Parma,Luca-Andreani,flanker,21,6'0'', 103KG
505,https://www.unitedrugby.com/clubs/Zebre-Parma/Jacopo-Bianchi,Zebre-Parma,Jacopo-Bianchi,flanker,24,6'0'', 107KG
506,https://www.unitedrugby.com/clubs/Zebre-Parma/Luca-Bigi,Zebre-Parma,Luca-Bigi,hooker,31,5'11'', 107KG
507,https://www.unitedrugby.com/clubs/Zebre-Parma/Paolo-Buonfiglio,Zebre-Parma,Paolo-Buonfiglio,prop,27,5'11'', 109KG
508,https://www.unitedrugby.com/clubs/Zebre-Parma/Taina-Fox-Matamua,Zebre-Parma,Taina-Fox-Matamua,no. 8,25,6'0'', 116KG
509,https://www.unitedrugby.com/clubs/Zebre-Parma/Josh-Furno,Zebre-Parma,Josh-Furno,lock,33,6'1'', 109KG
510,https://www.unitedrugby.com/clubs/Zebre-Parma/Muhamed-Hasa,Zebre-Parma,Muhamed-Hasa,prop,21,5'11'', 119KG
511,https://www.unitedrugby.com/clubs/Zebre-Parma/Leonardo-Krumov,Zebre-Parma,Leonardo-Krumov,lock,26,6'1'', 120KG
512,https://www.unitedrugby.com/clubs/Zebre-Parma/Giovanni-Licata,Zebre-Parma,Giovanni-Licata,flanker,25,6'0'', 111KG
513,https://www.unitedrugby.com/clubs/Zebre-Parma/Marco-Manfredi,Zebre-Parma,Marco-Manfredi,hooker,25,6'0'', 110KG
514,https://www.unitedrugby.com/clubs/Zebre-Parma/Johan-Meyer,Zebre-Parma,Johan-Meyer,flanker,29,6'0'', 107KG
515,https://www.unitedrugby.com/clubs/Zebre-Parma/Ion-Neculai,Zebre-Parma,Ion-Neculai,prop,21,6'0'', 132KG
516,https://www.unitedrugby.com/clubs/Zebre-Parma/Matteo-Nocera,Zebre-Parma,Matteo-Nocera,prop,23,6'0'', 130KG
517,https://www.unitedrugby.com/clubs/Zebre-Parma/MJ-Pelser,Zebre-Parma,MJ-Pelser,flanker,24,6'0'', 100KG
518,https://www.unitedrugby.com/clubs/Zebre-Parma/Giampietro-Ribaldi,Zebre-Parma,Giampietro-Ribaldi,hooker,25,6'0'', 110KG
519,https://www.unitedrugby.com/clubs/Zebre-Parma/Daniele-Rimpelli,Zebre-Parma,Daniele-Rimpelli,prop,25,6'0'', 117KG
520,https://www.unitedrugby.com/clubs/Zebre-Parma/Luca-Rizzoli,Zebre-Parma,Luca-Rizzoli,prop,20,5'10'', 100KG
521,https://www.unitedrugby.com/clubs/Zebre-Parma/Davide-Ruggeri,Zebre-Parma,Davide-Ruggeri,flanker,23,6'0'', 107KG
522,https://www.unitedrugby.com/clubs/Zebre-Parma/Alessio-Sanavia,Zebre-Parma,Alessio-Sanavia,prop,26,5'10'', 107KG
523,https://www.unitedrugby.com/clubs/Zebre-Parma/Dave-Sisi,Zebre-Parma,Dave-Sisi,no. 8,29,6'0'', 125KG
524,https://www.unitedrugby.com/clubs/Zebre-Parma/Gabriele-Venditti,Zebre-Parma,Gabriele-Venditti,lock,25,6'1'', 129KG
525,https://www.unitedrugby.com/clubs/Zebre-Parma/Guido-Volpi,Zebre-Parma,Guido-Volpi,flanker,27,6'0'', 113KG
526,https://www.unitedrugby.com/clubs/Zebre-Parma/Andrea-Zambonin,Zebre-Parma,Andrea-Zambonin,lock,22,6'1'', 105KG
527,https://www.unitedrugby.com/clubs/Zebre-Parma/Tommaso-Boni,Zebre-Parma,Tommaso-Boni,centre,29,6'0'', 103KG
528,https://www.unitedrugby.com/clubs/Zebre-Parma/Pierre-Bruno,Zebre-Parma,Pierre-Bruno,wing,26,5'10'', 92KG
529,https://www.unitedrugby.com/clubs/Zebre-Parma/Nicolo-Casilio,Zebre-Parma,Nicolo-Casilio,scrum-half,24,5'11'', 85KG
530,https://www.unitedrugby.com/clubs/Zebre-Parma/Chris-Cook,Zebre-Parma,Chris-Cook,scrum-half,31,5'10'', 94KG
531,https://www.unitedrugby.com/clubs/Zebre-Parma/Erich-Cronje,Zebre-Parma,Erich-Cronje,centre,25,6'0'', 95KG
532,https://www.unitedrugby.com/clubs/Zebre-Parma/Tiff-Eden,Zebre-Parma,Tiff-Eden,fly-half,28,6'0'', 92KG
533,https://www.unitedrugby.com/clubs/Zebre-Parma/Alessandro-Fusco,Zebre-Parma,Alessandro-Fusco,scrum-half,22,6'0'', 88KG
534,https://www.unitedrugby.com/clubs/Zebre-Parma/Simone-Gesi,Zebre-Parma,Simone-Gesi,wing,21,6'0'', 80KG
535,https://www.unitedrugby.com/clubs/Zebre-Parma/Richard-Kriel,Zebre-Parma,Richard-Kriel,fullback,22,6'0'', 95KG
536,https://www.unitedrugby.com/clubs/Zebre-Parma/Latu-Latunipulu,Zebre-Parma,Latu-Latunipulu,wing,25,5'11'', 101KG
537,https://www.unitedrugby.com/clubs/Zebre-Parma/Enrico-Lucchin,Zebre-Parma,Enrico-Lucchin,centre,27,6'0'', 101KG
538,https://www.unitedrugby.com/clubs/Zebre-Parma/Damiano-Mazza,Zebre-Parma,Damiano-Mazza,centre,23,6'0'', 99KG
539,https://www.unitedrugby.com/clubs/Zebre-Parma/Matteo-Moscardi,Zebre-Parma,Matteo-Moscardi,centre,22,6'0'', 92KG
540,https://www.unitedrugby.com/clubs/Zebre-Parma/Lorenzo-Pani,Zebre-Parma,Lorenzo-Pani,fullback,20,6'0'', 96KG
541,https://www.unitedrugby.com/clubs/Zebre-Parma/Geronimo-Prisciantelli,Zebre-Parma,Geronimo-Prisciantelli,fullback,23,6'0'', 88KG
542,https://www.unitedrugby.com/clubs/Zebre-Parma/Antonio-Rizzi,Zebre-Parma,Antonio-Rizzi,fly-half,24,5'11'', 87KG
543,https://www.unitedrugby.com/clubs/Zebre-Parma/Franco-Smith,Zebre-Parma,Franco-Smith,centre,22,6'0'', 96KG
544,https://www.unitedrugby.com/clubs/Zebre-Parma/Nicolo-Teneggi,Zebre-Parma,Nicolo-Teneggi,fly-half,19,5'10'', 88KG
545,https://www.unitedrugby.com/clubs/Zebre-Parma/Jacopo-Trulla,Zebre-Parma,Jacopo-Trulla,fullback,22,5'11'', 88KG
546,https://www.unitedrugby.com/clubs/Vodacom-Bulls/Cyle-Brink,Vodacom-Bulls,Cyle-Brink,flanker,28,6'0'', 112KG
547,https://www.unitedrugby.com/clubs/Vodacom-Bulls/Marcell-Coetzee,Vodacom-Bulls,Marcell-Coetzee,flanker,31,6'0'', 117KG
548,https://www.unitedrugby.com/clubs/Vodacom-Bulls/Schalk-Erasmus,Vodacom-Bulls,Schalk-Erasmus,hooker,24,6'0'', 104KG
549,https://www.unitedrugby.com/clubs/Vodacom-Bulls/Lizo-Gqoboka,Vodacom-Bulls,Lizo-Gqoboka,prop,32,6'0'', 117KG
550,https://www.unitedrugby.com/clubs/Vodacom-Bulls/Johan-Grobbelaar,Vodacom-Bulls,Johan-Grobbelaar,hooker,24,6'0'', 97KG
551,https://www.unitedrugby.com/clubs/Vodacom-Bulls/Robert-Hunt,Vodacom-Bulls,Robert-Hunt,prop,26,6'0'', 122KG
552,https://www.unitedrugby.com/clubs/Vodacom-Bulls/Francois-Klopper,Vodacom-Bulls,Francois-Klopper,prop,23,6'2'', 112KG
553,https://www.unitedrugby.com/clubs/Vodacom-Bulls/Elrigh-Louw,Vodacom-Bulls,Elrigh-Louw,lock,23,6'0'', 112KG
554,https://www.unitedrugby.com/clubs/Vodacom-Bulls/Reinhardt-Ludwig,Vodacom-Bulls,Reinhardt-Ludwig,lock,20,6'1'', 100KG
555,https://www.unitedrugby.com/clubs/Vodacom-Bulls/Phumzile-Maqondwana,Vodacom-Bulls,Phumzile-Maqondwana,flanker,25,6'0'', 105KG
556,https://www.unitedrugby.com/clubs/Vodacom-Bulls/Simphiwe-Matanzima,Vodacom-Bulls,Simphiwe-Matanzima,prop,25,6'0'', 111KG
557,https://www.unitedrugby.com/clubs/Vodacom-Bulls/Mihlali-Mosi,Vodacom-Bulls,Mihlali-Mosi,no. 8,26,6'1'', 100KG
558,https://www.unitedrugby.com/clubs/Vodacom-Bulls/Ruan-Nortje,Vodacom-Bulls,Ruan-Nortje,lock,24,6'1'', 113KG
559,https://www.unitedrugby.com/clubs/Vodacom-Bulls/Dylan-Smith,Vodacom-Bulls,Dylan-Smith,prop,28,5'11'', 113KG
560,https://www.unitedrugby.com/clubs/Vodacom-Bulls/Mornay-Smith,Vodacom-Bulls,Mornay-Smith,prop,24,5'11'', 109KG
561,https://www.unitedrugby.com/clubs/Vodacom-Bulls/Gerhard-Steenekamp,Vodacom-Bulls,Gerhard-Steenekamp,prop,25,6'0'', 128KG
562,https://www.unitedrugby.com/clubs/Vodacom-Bulls/Walt-Steenkamp,Vodacom-Bulls,Walt-Steenkamp,lock,27,6'9'', 118KG
563,https://www.unitedrugby.com/clubs/Vodacom-Bulls/WJ-Steenkamp,Vodacom-Bulls,WJ-Steenkamp,flanker,22,6'0'', 96KG
564,https://www.unitedrugby.com/clubs/Vodacom-Bulls/Janko-Swanepoel,Vodacom-Bulls,Janko-Swanepoel,lock,23,6'1'', 105KG
565,https://www.unitedrugby.com/clubs/Vodacom-Bulls/Sidney-Tobias,Vodacom-Bulls,Sidney-Tobias,hooker,33,5'1'', 100KG
566,https://www.unitedrugby.com/clubs/Vodacom-Bulls/Muller-Uys,Vodacom-Bulls,Muller-Uys,flanker,24,6'0'', 115KG
567,https://www.unitedrugby.com/clubs/Vodacom-Bulls/Ruan-Vermaak,Vodacom-Bulls,Ruan-Vermaak,lock,24,6'1'', 120KG
568,https://www.unitedrugby.com/clubs/Vodacom-Bulls/Jan-Hendrik-Wessels,Vodacom-Bulls,Jan-Hendrik-Wessels,prop,21,6'0'', 120KG
569,https://www.unitedrugby.com/clubs/Vodacom-Bulls/Kurt-Lee-Arendse,Vodacom-Bulls,Kurt-Lee-Arendse,fullback,26,5'11'', 76KG
570,https://www.unitedrugby.com/clubs/Vodacom-Bulls/Zak-Burger,Vodacom-Bulls,Zak-Burger,scrum-half,24,5'1'', 83KG
571,https://www.unitedrugby.com/clubs/Vodacom-Bulls/Ruan-Combrinck,Vodacom-Bulls,Ruan-Combrinck,wing,32,6'0'', 99KG
572,https://www.unitedrugby.com/clubs/Vodacom-Bulls/Stedman-Gans,Vodacom-Bulls,Stedman-Gans,centre,25,5'11'', 85KG
573,https://www.unitedrugby.com/clubs/Vodacom-Bulls/Johan-Goosen,Vodacom-Bulls,Johan-Goosen,fly-half,30,6'0'', 89KG
574,https://www.unitedrugby.com/clubs/Vodacom-Bulls/Cornal-Hendricks,Vodacom-Bulls,Cornal-Hendricks,wing,34,6'0'', 95KG
575,https://www.unitedrugby.com/clubs/Vodacom-Bulls/Stravino-Jacobs,Vodacom-Bulls,Stravino-Jacobs,wing,22,5'10'', 86KG
576,https://www.unitedrugby.com/clubs/Vodacom-Bulls/Keagan-Johannes,Vodacom-Bulls,Keagan-Johannes,scrum-half,22,5'11'', 73KG
577,https://www.unitedrugby.com/clubs/Vodacom-Bulls/David-Kriel,Vodacom-Bulls,David-Kriel,wing,23,6'0'', 94KG
578,https://www.unitedrugby.com/clubs/Vodacom-Bulls/Lionel-Mapoe,Vodacom-Bulls,Lionel-Mapoe,centre,34,6'0'', 87KG
579,https://www.unitedrugby.com/clubs/Vodacom-Bulls/Canan-Moodie,Vodacom-Bulls,Canan-Moodie,centre,19,6'0'', 81KG
580,https://www.unitedrugby.com/clubs/Vodacom-Bulls/Juan-Mostert,Vodacom-Bulls,Juan-Mostert,fly-half,22,6'0'', 91KG
581,https://www.unitedrugby.com/clubs/Vodacom-Bulls/Sbu-Nkosi,Vodacom-Bulls,Sbu-Nkosi,wing,26,6'0'', 96KG
582,https://www.unitedrugby.com/clubs/Vodacom-Bulls/Embrose-Papier,Vodacom-Bulls,Embrose-Papier,scrum-half,25,5'1'', 71KG
583,https://www.unitedrugby.com/clubs/Vodacom-Bulls/Wandisile-Simelane,Vodacom-Bulls,Wandisile-Simelane,centre,24,5'11'', 90KG
584,https://www.unitedrugby.com/clubs/Vodacom-Bulls/Chris-Smith,Vodacom-Bulls,Chris-Smith,fly-half,28,5'11'', 89KG
585,https://www.unitedrugby.com/clubs/Vodacom-Bulls/Morne-Steyn,Vodacom-Bulls,Morne-Steyn,fly-half,38,6'0'', 91KG
586,https://www.unitedrugby.com/clubs/Vodacom-Bulls/James-Verity-Amm,Vodacom-Bulls,James-Verity-Amm,fullback,28,6'0'', 86KG
587,https://www.unitedrugby.com/clubs/Vodacom-Bulls/Harold-Vorster,Vodacom-Bulls,Harold-Vorster,centre,29,6'0'', 92KG
588,https://www.unitedrugby.com/clubs/Cell C-Sharks/Hyron-Andrews,Cell C-Sharks,Hyron-Andrews,lock,27,6'1'', 108KG
589,https://www.unitedrugby.com/clubs/Cell C-Sharks/Justin-Basson,Cell C-Sharks,Justin-Basson,lock,28,6'6'', 120KG
590,https://www.unitedrugby.com/clubs/Cell C-Sharks/Thembelani-Bholi,Cell C-Sharks,Thembelani-Bholi,flanker,32,6'0'', 113KG
591,https://www.unitedrugby.com/clubs/Cell C-Sharks/Dian-Bleuler,Cell C-Sharks,Dian-Bleuler,prop,23,5'1'', 110KG
592,https://www.unitedrugby.com/clubs/Cell C-Sharks/Phepsi-Buthelezi,Cell C-Sharks,Phepsi-Buthelezi,no. 8,23,6'0'', 104KG
593,https://www.unitedrugby.com/clubs/Cell C-Sharks/Eben-Etzebeth,Cell C-Sharks,Eben-Etzebeth,lock,30,6'1'', 117KG
594,https://www.unitedrugby.com/clubs/Cell C-Sharks/Gerbrandt-Grobler,Cell C-Sharks,Gerbrandt-Grobler,lock,30,6'1'', 119KG
595,https://www.unitedrugby.com/clubs/Cell C-Sharks/Mpilo-Gumede,Cell C-Sharks,Mpilo-Gumede,flanker,22,6'0'', 109KG
596,https://www.unitedrugby.com/clubs/Cell C-Sharks/Reniel-Hugo,Cell C-Sharks,Reniel-Hugo,lock,32,6'1'', 111KG
597,https://www.unitedrugby.com/clubs/Cell C-Sharks/Hanru-Jacobs,Cell C-Sharks,Hanru-Jacobs,prop,22,6'0'', 122KG
598,https://www.unitedrugby.com/clubs/Cell C-Sharks/Dan-Jooste,Cell C-Sharks,Dan-Jooste,hooker,24,6'0'', 105KG
599,https://www.unitedrugby.com/clubs/Cell C-Sharks/Siya-Kolisi,Cell C-Sharks,Siya-Kolisi,flanker,31,6'0'', 103KG
600,https://www.unitedrugby.com/clubs/Cell C-Sharks/Jeandre-Labuschagne,Cell C-Sharks,Jeandre-Labuschagne,lock,23,6'0'', 104KG
601,https://www.unitedrugby.com/clubs/Cell C-Sharks/Tino-Mavesere,Cell C-Sharks,Tino-Mavesere,flanker,24,6'0'', 105KG
602,https://www.unitedrugby.com/clubs/Cell C-Sharks/Fez-Mbatha,Cell C-Sharks,Fez-Mbatha,hooker,23,6'0'', 104KG
603,https://www.unitedrugby.com/clubs/Cell C-Sharks/Bongi-Mbonambi,Cell C-Sharks,Bongi-Mbonambi,hooker,31,5'1'', 108KG
604,https://www.unitedrugby.com/clubs/Cell C-Sharks/Khutha-Mchunu,Cell C-Sharks,Khutha-Mchunu,prop,25,6'0'', 117KG
605,https://www.unitedrugby.com/clubs/Cell C-Sharks/Ntuthuko-Mchunu,Cell C-Sharks,Ntuthuko-Mchunu,prop,23,6'0'', 114KG
606,https://www.unitedrugby.com/clubs/Cell C-Sharks/Khwezi-Mona,Cell C-Sharks,Khwezi-Mona,prop,30,5'11'', 113KG
607,https://www.unitedrugby.com/clubs/Cell C-Sharks/Ox-Nche,Cell C-Sharks,Ox-Nche,prop,27,5'1'', 117KG
608,https://www.unitedrugby.com/clubs/Cell C-Sharks/Sikhumbuzo-Notshe,Cell C-Sharks,Sikhumbuzo-Notshe,no. 8,29,6'0'', 105KG
609,https://www.unitedrugby.com/clubs/Cell C-Sharks/Dylan-Richardson,Cell C-Sharks,Dylan-Richardson,flanker,23,6'0'', 106KG
610,https://www.unitedrugby.com/clubs/Cell C-Sharks/Carlu-Sadie,Cell C-Sharks,Carlu-Sadie,prop,25,6'0'', 138KG
611,https://www.unitedrugby.com/clubs/Cell C-Sharks/Vincent-Tshituka,Cell C-Sharks,Vincent-Tshituka,flanker,24,6'0'', 107KG
612,https://www.unitedrugby.com/clubs/Cell C-Sharks/Henco-Venter,Cell C-Sharks,Henco-Venter,flanker,30,6'0'', 107KG
613,https://www.unitedrugby.com/clubs/Cell C-Sharks/James-Venter,Cell C-Sharks,James-Venter,flanker,26,5'10'', 97KG
614,https://www.unitedrugby.com/clubs/Cell C-Sharks/Thaakir-Abrahams,Cell C-Sharks,Thaakir-Abrahams,wing,23,5'1'', 76KG
615,https://www.unitedrugby.com/clubs/Cell C-Sharks/Lukhanyo-Am,Cell C-Sharks,Lukhanyo-Am,centre,28,6'0'', 97KG
616,https://www.unitedrugby.com/clubs/Cell C-Sharks/Curwin-Bosch,Cell C-Sharks,Curwin-Bosch,fly-half,25,5'11'', 85KG
617,https://www.unitedrugby.com/clubs/Cell C-Sharks/Boeta-Chamberlain,Cell C-Sharks,Boeta-Chamberlain,fly-half,23,6'0'', 83KG
618,https://www.unitedrugby.com/clubs/Cell C-Sharks/Lionel-Cronje,Cell C-Sharks,Lionel-Cronje,fly-half,33,6'0'', 92KG
619,https://www.unitedrugby.com/clubs/Cell C-Sharks/Aphelele-Fassi,Cell C-Sharks,Aphelele-Fassi,fullback,24,6'0'', 92KG
620,https://www.unitedrugby.com/clubs/Cell C-Sharks/Nevaldo-Fleurs,Cell C-Sharks,Nevaldo-Fleurs,fly-half,22,6'0'', 90KG
621,https://www.unitedrugby.com/clubs/Cell C-Sharks/Jaden-Hendrikse,Cell C-Sharks,Jaden-Hendrikse,scrum-half,22,5'10'', 87KG
622,https://www.unitedrugby.com/clubs/Cell C-Sharks/Eduan-Keyter,Cell C-Sharks,Eduan-Keyter,centre,26,6'0'', 93KG
623,https://www.unitedrugby.com/clubs/Cell C-Sharks/Werner-Kok,Cell C-Sharks,Werner-Kok,centre,29,5'10'', 94KG
624,https://www.unitedrugby.com/clubs/Cell C-Sharks/Murray-Koster,Cell C-Sharks,Murray-Koster,centre,23,6'0'', 91KG
625,https://www.unitedrugby.com/clubs/Cell C-Sharks/Makazole-Mapimpi,Cell C-Sharks,Makazole-Mapimpi,wing,32,6'0'', 91KG
626,https://www.unitedrugby.com/clubs/Cell C-Sharks/Zee-Mkhabela,Cell C-Sharks,Zee-Mkhabela,scrum-half,28,5'1'', 75KG
627,https://www.unitedrugby.com/clubs/Cell C-Sharks/Yaw-Penxe,Cell C-Sharks,Yaw-Penxe,wing,25,5'11'', 82KG
628,https://www.unitedrugby.com/clubs/Cell C-Sharks/Marnus-Potgieter,Cell C-Sharks,Marnus-Potgieter,wing,23,6'0'', 86KG
629,https://www.unitedrugby.com/clubs/Cell C-Sharks/Ben-Tapuai,Cell C-Sharks,Ben-Tapuai,centre,33,5'11'', 95KG
630,https://www.unitedrugby.com/clubs/Cell C-Sharks/Anthony-Volmink,Cell C-Sharks,Anthony-Volmink,wing,32,5'11'', 86KG
631,https://www.unitedrugby.com/clubs/Cell C-Sharks/Grant-Williams,Cell C-Sharks,Grant-Williams,scrum-half,26,5'1'', 77KG
632,https://www.unitedrugby.com/clubs/Cell C-Sharks/Cameron-Wright,Cell C-Sharks,Cameron-Wright,scrum-half,28,5'11'', 92KG
633,https://www.unitedrugby.com/clubs/Cell C-Sharks/Fred-Zeilinga,Cell C-Sharks,Fred-Zeilinga,fly-half,29,5'1'', 82KG
634,https://www.unitedrugby.com/clubs/DHl-Stormers/Kwenzo-Blose,DHl-Stormers,Kwenzo-Blose,prop,25,6'0'', 106KG
635,https://www.unitedrugby.com/clubs/DHl-Stormers/Hacjivah-Dayimani,DHl-Stormers,Hacjivah-Dayimani,flanker,25,6'0'', 103KG
636,https://www.unitedrugby.com/clubs/DHl-Stormers/Ben-Jason-Dixon,DHl-Stormers,Ben-Jason-Dixon,lock,24,6'1'', 107KG
637,https://www.unitedrugby.com/clubs/DHl-Stormers/Joseph-Dweba,DHl-Stormers,Joseph-Dweba,hooker,27,5'1'', 108KG
638,https://www.unitedrugby.com/clubs/DHl-Stormers/Willie-Engelbrecht,DHl-Stormers,Willie-Engelbrecht,flanker,30,6'0'', 109KG
639,https://www.unitedrugby.com/clubs/DHl-Stormers/Connor-Evans,DHl-Stormers,Connor-Evans,lock,20,6'1'', 113KG
640,https://www.unitedrugby.com/clubs/DHl-Stormers/Neethling-Fouche,DHl-Stormers,Neethling-Fouche,prop,29,6'0'', 119KG
641,https://www.unitedrugby.com/clubs/DHl-Stormers/Deon-Fourie,DHl-Stormers,Deon-Fourie,flanker,36,5'10'', 98KG
642,https://www.unitedrugby.com/clubs/DHl-Stormers/Brok-Harris,DHl-Stormers,Brok-Harris,prop,37,6'0'', 119KG
643,https://www.unitedrugby.com/clubs/DHl-Stormers/Steven-Kitshoff,DHl-Stormers,Steven-Kitshoff,prop,30,6'0'', 123KG
644,https://www.unitedrugby.com/clubs/DHl-Stormers/JJ-Kotze,DHl-Stormers,JJ-Kotze,hooker,21,6'0'', 106KG
645,https://www.unitedrugby.com/clubs/DHl-Stormers/Leon-Lyons,DHl-Stormers,Leon-Lyons,prop,23,6'0'', 118KG
646,https://www.unitedrugby.com/clubs/DHl-Stormers/Frans-Malherbe,DHl-Stormers,Frans-Malherbe,prop,31,6'0'', 138KG
647,https://www.unitedrugby.com/clubs/DHl-Stormers/Lee-Marvin-Mazibuko,DHl-Stormers,Lee-Marvin-Mazibuko,prop,25,5'10'', 110KG
648,https://www.unitedrugby.com/clubs/DHl-Stormers/Salmaan-Moerat,DHl-Stormers,Salmaan-Moerat,lock,24,6'1'', 116KG
649,https://www.unitedrugby.com/clubs/DHl-Stormers/Keke-Morabe,DHl-Stormers,Keke-Morabe,no. 8,21,6'0'', 114KG
650,https://www.unitedrugby.com/clubs/DHl-Stormers/Scarra-Ntubeni,DHl-Stormers,Scarra-Ntubeni,hooker,31,5'1'', 105KG
651,https://www.unitedrugby.com/clubs/DHl-Stormers/Marvin-Orie,DHl-Stormers,Marvin-Orie,lock,29,6'1'', 112KG
652,https://www.unitedrugby.com/clubs/DHl-Stormers/Junior-Pokomela,DHl-Stormers,Junior-Pokomela,flanker,25,6'0'', 112KG
653,https://www.unitedrugby.com/clubs/DHl-Stormers/Evan-Roos,DHl-Stormers,Evan-Roos,no. 8,22,6'0'', 108KG
654,https://www.unitedrugby.com/clubs/DHl-Stormers/Sazi-Sandi,DHl-Stormers,Sazi-Sandi,prop,24,5'11'', 122KG
655,https://www.unitedrugby.com/clubs/DHl-Stormers/Adre-Smith,DHl-Stormers,Adre-Smith,lock,25,6'1'', 117KG
656,https://www.unitedrugby.com/clubs/DHl-Stormers/Chad-Solomon,DHl-Stormers,Chad-Solomon,hooker,28,5'10'', 103KG
657,https://www.unitedrugby.com/clubs/DHl-Stormers/Marcel-Theunissen,DHl-Stormers,Marcel-Theunissen,flanker,23,6'0'', 102KG
658,https://www.unitedrugby.com/clubs/DHl-Stormers/Andre-Hugo-Venter,DHl-Stormers,Andre-Hugo-Venter,hooker,21,6'0'', 106KG
659,https://www.unitedrugby.com/clubs/DHl-Stormers/Ali-Vermaak,DHl-Stormers,Ali-Vermaak,prop,33,5'1'', 108KG
660,https://www.unitedrugby.com/clubs/DHl-Stormers/Nama-Xaba,DHl-Stormers,Nama-Xaba,flanker,25,6'0'', 103KG
661,https://www.unitedrugby.com/clubs/DHl-Stormers/Clayton-Blommetjies,DHl-Stormers,Clayton-Blommetjies,fullback,32,6'0'', 89KG
662,https://www.unitedrugby.com/clubs/DHl-Stormers/Angelo-Davids,DHl-Stormers,Angelo-Davids,wing,23,5'10'', 84KG
663,https://www.unitedrugby.com/clubs/DHl-Stormers/Suleiman-Hartzenberg,DHl-Stormers,Suleiman-Hartzenberg,centre,19,6'0'', 91KG
664,https://www.unitedrugby.com/clubs/DHl-Stormers/Chris-Hollis,DHl-Stormers,Chris-Hollis,centre,24,6'0'', 104KG
665,https://www.unitedrugby.com/clubs/DHl-Stormers/Herschel-Jantjies,DHl-Stormers,Herschel-Jantjies,scrum-half,26,5'1'', 74KG
666,https://www.unitedrugby.com/clubs/DHl-Stormers/Imad-Khan,DHl-Stormers,Imad-Khan,scrum-half,18,5'10'', 77KG
667,https://www.unitedrugby.com/clubs/DHl-Stormers/Alapati-Leiua,DHl-Stormers,Alapati-Leiua,centre,34,5'11'', 99KG
668,https://www.unitedrugby.com/clubs/DHl-Stormers/Tristan-Leyds,DHl-Stormers,Tristan-Leyds,fullback,25,5'11'', 70KG
669,https://www.unitedrugby.com/clubs/DHl-Stormers/Manie-Libbok,DHl-Stormers,Manie-Libbok,fly-half,25,6'0'', 76KG
670,https://www.unitedrugby.com/clubs/DHl-Stormers/Godlen-Masimla,DHl-Stormers,Godlen-Masimla,scrum-half,30,5'11'', 79KG
671,https://www.unitedrugby.com/clubs/DHl-Stormers/Sacha-Mngomezulu,DHl-Stormers,Sacha-Mngomezulu,fly-half,20,6'0'', 90KG
672,https://www.unitedrugby.com/clubs/DHl-Stormers/Ruhan-Nel,DHl-Stormers,Ruhan-Nel,centre,31,6'0'', 101KG
673,https://www.unitedrugby.com/clubs/DHl-Stormers/Seabelo-Senatla,DHl-Stormers,Seabelo-Senatla,wing,29,5'10'', 89KG
674,https://www.unitedrugby.com/clubs/DHl-Stormers/Cornel-Smit,DHl-Stormers,Cornel-Smit,centre,25,6'0'', 95KG
675,https://www.unitedrugby.com/clubs/DHl-Stormers/Stefan-Ungerer,DHl-Stormers,Stefan-Ungerer,scrum-half,28,6'0'', 85KG
676,https://www.unitedrugby.com/clubs/DHl-Stormers/Damian-Willemse,DHl-Stormers,Damian-Willemse,fly-half,24,6'0'', 91KG
677,https://www.unitedrugby.com/clubs/DHl-Stormers/Kade-Wolhuter,DHl-Stormers,Kade-Wolhuter,fly-half,21,6'0'', 91KG
678,https://www.unitedrugby.com/clubs/DHl-Stormers/Leolin-Zas,DHl-Stormers,Leolin-Zas,wing,27,6'0'', 95KG
679,https://www.unitedrugby.com/clubs/DHl-Stormers/Mnombo-Zwelendaba,DHl-Stormers,Mnombo-Zwelendaba,centre,22,6'0'', 95KG
680,https://www.unitedrugby.com/clubs/Emirates-Lions/Willem-Alberts,Emirates-Lions,Willem-Alberts,flanker,38,6'5'', 118KG
681,https://www.unitedrugby.com/clubs/Emirates-Lions/PJ-Botha,Emirates-Lions,PJ-Botha,hooker,24,5'11'', 105KG
682,https://www.unitedrugby.com/clubs/Emirates-Lions/Morne-Brandon,Emirates-Lions,Morne-Brandon,hooker,21,6'0'', 105KG
683,https://www.unitedrugby.com/clubs/Emirates-Lions/Ruan-Dreyer,Emirates-Lions,Ruan-Dreyer,prop,32,6'0'', 115KG
684,https://www.unitedrugby.com/clubs/Emirates-Lions/Travis-Gordon,Emirates-Lions,Travis-Gordon,no. 8,23,6'0'', 99KG
685,https://www.unitedrugby.com/clubs/Emirates-Lions/Francke-Horn,Emirates-Lions,Francke-Horn,no. 8,23,6'0'', 106KG
686,https://www.unitedrugby.com/clubs/Emirates-Lions/Jaco-Kriel,Emirates-Lions,Jaco-Kriel,flanker,33,6'0'', 101KG
687,https://www.unitedrugby.com/clubs/Emirates-Lions/Darrien-Landsberg,Emirates-Lions,Darrien-Landsberg,lock,24,6'0'', 111KG
688,https://www.unitedrugby.com/clubs/Emirates-Lions/Morgan-Naude,Emirates-Lions,Morgan-Naude,prop,24,5'11'', 104KG
689,https://www.unitedrugby.com/clubs/Emirates-Lions/Reinhard-Nothnagel,Emirates-Lions,Reinhard-Nothnagel,lock,25,6'1'', 117KG
690,https://www.unitedrugby.com/clubs/Emirates-Lions/Asenathi-Ntlabakanye,Emirates-Lions,Asenathi-Ntlabakanye,prop,23,6'0'', 153KG
691,https://www.unitedrugby.com/clubs/Emirates-Lions/Sibusiso-Sangweni,Emirates-Lions,Sibusiso-Sangweni,flanker,21,6'0'', 102KG
692,https://www.unitedrugby.com/clubs/Emirates-Lions/Ruben-Schoeman,Emirates-Lions,Ruben-Schoeman,lock,26,6'1'', 120KG
693,https://www.unitedrugby.com/clubs/Emirates-Lions/Sti-Sithole,Emirates-Lions,Sti-Sithole,prop,29,5'11'', 114KG
694,https://www.unitedrugby.com/clubs/Emirates-Lions/Stephan-Smit,Emirates-Lions,Stephan-Smit,flanker,24,6'0'', 87KG
695,https://www.unitedrugby.com/clubs/Emirates-Lions/Ruan-Smith,Emirates-Lions,Ruan-Smith,prop,32,6'0'', 121KG
696,https://www.unitedrugby.com/clubs/Emirates-Lions/Jean-Pierre-Smith,Emirates-Lions,Jean-Pierre-Smith,prop,32,6'0'', 124KG
697,https://www.unitedrugby.com/clubs/Emirates-Lions/Ruhan-Straeuli,Emirates-Lions,Ruhan-Straeuli,flanker,23,6'0'', 111KG
698,https://www.unitedrugby.com/clubs/Emirates-Lions/Emmanuel-Tshituka,Emirates-Lions,Emmanuel-Tshituka,flanker,22,6'0'', 106KG
699,https://www.unitedrugby.com/clubs/Emirates-Lions/Ruan-Venter,Emirates-Lions,Ruan-Venter,lock,19,6'1'', 120KG
700,https://www.unitedrugby.com/clubs/Emirates-Lions/Jaco-Visagie,Emirates-Lions,Jaco-Visagie,hooker,30,6'0'', 107KG
701,https://www.unitedrugby.com/clubs/Emirates-Lions/Andries-Coetzee,Emirates-Lions,Andries-Coetzee,fullback,32,5'11'', 92KG
702,https://www.unitedrugby.com/clubs/Emirates-Lions/Jordan-Hendrikse,Emirates-Lions,Jordan-Hendrikse,fly-half,21,6'0'', 89KG
703,https://www.unitedrugby.com/clubs/Emirates-Lions/Quan-Horn,Emirates-Lions,Quan-Horn,centre,21,5'11'', 84KG
704,https://www.unitedrugby.com/clubs/Emirates-Lions/Rynhardt-Jonker,Emirates-Lions,Rynhardt-Jonker,centre,22,5'10'', 90KG
705,https://www.unitedrugby.com/clubs/Emirates-Lions/Gianni-Lombard,Emirates-Lions,Gianni-Lombard,fullback,24,5'10'', 78KG
706,https://www.unitedrugby.com/clubs/Emirates-Lions/Marius-Louw,Emirates-Lions,Marius-Louw,centre,27,6'0'', 95KG
707,https://www.unitedrugby.com/clubs/Emirates-Lions/Rabz-Maxwane,Emirates-Lions,Rabz-Maxwane,wing,27,6'0'', 90KG
708,https://www.unitedrugby.com/clubs/Emirates-Lions/Matt-More,Emirates-Lions,Matt-More,centre,23,6'0'', 101KG
709,https://www.unitedrugby.com/clubs/Emirates-Lions/Ilunga-Mukendi,Emirates-Lions,Ilunga-Mukendi,wing,25,6'0'', 88KG
710,https://www.unitedrugby.com/clubs/Emirates-Lions/Sanele-Nohamba,Emirates-Lions,Sanele-Nohamba,scrum-half,23,5'7'', 69KG
711,https://www.unitedrugby.com/clubs/Emirates-Lions/Stean-Pienaar,Emirates-Lions,Stean-Pienaar,wing,25,5'10'', 97KG
712,https://www.unitedrugby.com/clubs/Emirates-Lions/Manuel-Rass,Emirates-Lions,Manuel-Rass,centre,24,5'1'', 86KG
713,https://www.unitedrugby.com/clubs/Emirates-Lions/Tiaan-Swanepoel,Emirates-Lions,Tiaan-Swanepoel,fullback,26,5'10'', 91KG
714,https://www.unitedrugby.com/clubs/Emirates-Lions/James-Tedder,Emirates-Lions,James-Tedder,fly-half,25,6'0'', 95KG
715,https://www.unitedrugby.com/clubs/Emirates-Lions/Andre-Warner,Emirates-Lions,Andre-Warner,scrum-half,29,6'0'', 93KG
716,https://www.unitedrugby.com/clubs/Emirates-Lions/Sango-Xamlashe,Emirates-Lions,Sango-Xamlashe,wing,24,5'11'', 96KG
